"ThresholdSillHingeHoleId","IdThresholdSill","ThresholdSillHingeHoleDepth","ThresholdSillHingeHoleShape","ThresholdSillHingeHoleRadius","ThresholdSillHingeHoleWidth","ThresholdSillHingeHoleLength","ThresholdSillHingeMaterial","OpeningId","Type","PeculiarType","HouseId","BiggerAreaRoom","PassingStandingBiggerRoom","BiggerAreaRoomType","Bigger Area RoomM2","SmallerAreaRoom","PassingStandingSmallerRoom","SmallerAreaRoomType","SmallerAreaRoomM2","Width","Height","Length","LevelOfPreservation","IdThresholdSill:1","IdLintel","Floor","DistancefromGround","FrameTrace","LintelType","Facing","HouseId:1","HouseType","Date","Period","Town","DataMethod","TotalSquareMeter","IdThresholdSill:2","ThresholdSillLength","ThresholdSillWidth","ThresholdSillThickness","ThresholdSillMaterial","ThresholdSillType","ThresholdSillDoorstopWidth","ThresholdSillTenonHoleNumber","ThresholdSillHingeHoleNumber","ThresholdSillBoltHoleNumber","ThresholdSillShutterErosion","ThresholdSillFoldingDoorChannel","IdLintel:1","LintelLength","LintelWidth","LintelThickness","LintelMaterial","LintelDoorstopWidth","LintelTenonHoleNumber","LintelHingeHoleNumber","LintelBoltHoleNumber","HouseTot","SurfaceHinges","RatioHinges"
"L1HT0002","T0002",NA,"SQUARED",NA,12,8.5,"NO TRACE",2,"DOORWAY","NO","DOMUS DELL ISTITUTO DI  FOTOGRAFIA","COURT","STANDING","OPEN SPACES",66.78,"UNKNOWN ROOM","STANDING","UNKNOWN ROOM",35.8,159,NA,52,2,"T0002",NA,"G",NA,"NO",NA,"INSIDE","DOMUS DELL ISTITUTO DI  FOTOGRAFIA","DOMUS","I-II AD","MIDDLE EMPIRE","VERONA","BOTH",NA,"T0002",53,157,NA,NA,"E",15,1,1,0,"NO","NO",NA,NA,NA,NA,NA,NA,NA,NA,NA,"DOMUS",102,1.41176470588235
"L1HT0004","T0004",NA,"SQUARED",NA,9,6.5,"NO TRACE",4,"DOORWAY","NO","DOMUS DELL ISTITUTO DI  FOTOGRAFIA","RECEPTION ROOM","STANDING","PUBLIC ROOM",72.16,"UNKNOWN ROOM","STANDING","UNKNOWN ROOM",NA,103,NA,51,2,"T0004",NA,"G",NA,"NO",NA,"INSIDE","DOMUS DELL ISTITUTO DI  FOTOGRAFIA","DOMUS","I-II AD","MIDDLE EMPIRE","VERONA","BOTH",NA,"T0004",55,98,NA,NA,"D",16,0,2,0,"NO","NO",NA,NA,NA,NA,NA,NA,NA,NA,NA,"DOMUS",58.5,1.38461538461538
"R1HT0004","T0004",NA,"SQUARED",NA,7.5,7.5,"NO TRACE",4,"DOORWAY","NO","DOMUS DELL ISTITUTO DI  FOTOGRAFIA","RECEPTION ROOM","STANDING","PUBLIC ROOM",72.16,"UNKNOWN ROOM","STANDING","UNKNOWN ROOM",NA,103,NA,51,2,"T0004",NA,"G",NA,"NO",NA,"INSIDE","DOMUS DELL ISTITUTO DI  FOTOGRAFIA","DOMUS","I-II AD","MIDDLE EMPIRE","VERONA","BOTH",NA,"T0004",55,98,NA,NA,"D",16,0,2,0,"NO","NO",NA,NA,NA,NA,NA,NA,NA,NA,NA,"DOMUS",56.25,1
"L1HT0005","T0005",3,"SQUARED",NA,8,7.5,"NO TRACE",5,"DOORWAY","NO","DOMUS DELL' ISTITUTO DELLE FIGLIE DI GESU","COURT","STANDING","OPEN SPACES",NA,"RECEPTION ROOM","STANDING","PUBLIC ROOM",24.96,276,NA,52,2,"T0005",NA,"G",NA,"NO",NA,"INSIDE","DOMUS DELL' ISTITUTO DELLE FIGLIE DI GESU","DOMUS","I BC-III AD","MIDDLE EMPIRE","VERONA","SURVEY",NA,"T0005",55,288,NA,"LIMESTONE","D",13,2,2,0,"NO","NO",NA,NA,NA,NA,NA,NA,NA,NA,NA,"DOMUS",60,1.06666666666667
"R1HT0005","T0005",3,"SQUARED",NA,8,8,"NO TRACE",5,"DOORWAY","NO","DOMUS DELL' ISTITUTO DELLE FIGLIE DI GESU","COURT","STANDING","OPEN SPACES",NA,"RECEPTION ROOM","STANDING","PUBLIC ROOM",24.96,276,NA,52,2,"T0005",NA,"G",NA,"NO",NA,"INSIDE","DOMUS DELL' ISTITUTO DELLE FIGLIE DI GESU","DOMUS","I BC-III AD","MIDDLE EMPIRE","VERONA","SURVEY",NA,"T0005",55,288,NA,"LIMESTONE","D",13,2,2,0,"NO","NO",NA,NA,NA,NA,NA,NA,NA,NA,NA,"DOMUS",64,1
"R1HT0006","T0006",3,"SQUARED",NA,8,8,"IRON",6,"DOORWAY","NO","DOMUS DELL' ISTITUTO DELLE FIGLIE DI GESU","RECEPTION ROOM","STANDING","PUBLIC ROOM",23.69,"CORRIDOR","PASSING","PUBLIC ROOM",6.65,150,NA,NA,1,"T0006",NA,"G",NA,"NO",NA,"INSIDE","DOMUS DELL' ISTITUTO DELLE FIGLIE DI GESU","DOMUS","I BC-III AD","MIDDLE EMPIRE","VERONA","SURVEY",NA,"T0006",41,152,NA,"LIMESTONE","A",14,0,1,0,"NO","NO",NA,NA,NA,NA,NA,NA,NA,NA,NA,"DOMUS",64,1
"L1HT0009","T0009",NA,"SQUARED",NA,9.5,7.5,"NO TRACE",9,"DOORWAY","NO","DOMUS DI PIAZZA NOGARA","COURT","STANDING","OPEN SPACES",73.21,"RECEPTION ROOM","STANDING","PUBLIC ROOM",10.77,253,NA,33,2,"T0009",NA,"G",NA,"NO",NA,"INSIDE","DOMUS DI PIAZZA NOGARA","DOMUS","I BC-III AD","MIDDLE EMPIRE","VERONA","BOTH",365,"T0009",33,252,NA,"LIMESTONE","D",9,2,2,0,"NO","NO",NA,NA,NA,NA,NA,NA,NA,NA,NA,"DOMUS",71.25,1.26666666666667
"R1HT0009","T0009",NA,"SQUARED",NA,9.5,7.5,"NO TRACE",9,"DOORWAY","NO","DOMUS DI PIAZZA NOGARA","COURT","STANDING","OPEN SPACES",73.21,"RECEPTION ROOM","STANDING","PUBLIC ROOM",10.77,253,NA,33,2,"T0009",NA,"G",NA,"NO",NA,"INSIDE","DOMUS DI PIAZZA NOGARA","DOMUS","I BC-III AD","MIDDLE EMPIRE","VERONA","BOTH",365,"T0009",33,252,NA,"LIMESTONE","D",9,2,2,0,"NO","NO",NA,NA,NA,NA,NA,NA,NA,NA,NA,"DOMUS",71.25,1.26666666666667
"R1HT0010","T0010",NA,"SQUARED",NA,7.5,7.5,"NO TRACE",10,"DOORWAY","NO","DOMUS DI PIAZZA NOGARA","COURT","STANDING","OPEN SPACES",73.21,"RECEPTION ROOM","STANDING","PUBLIC ROOM",12.28,225,NA,33,2,"T0010",NA,"G",NA,"NO",NA,"INSIDE","DOMUS DI PIAZZA NOGARA","DOMUS","I BC-III AD","MIDDLE EMPIRE","VERONA","BOTH",365,"T0010",30,240,NA,"LIMESTONE","E",8,1,1,0,"NO","NO",NA,NA,NA,NA,NA,NA,NA,NA,NA,"DOMUS",56.25,1
"L1HT0093","T0093",NA,"SQUARED",NA,10,10,"BRONZE",93,"DOORWAY","NO","DOMUS DI SANTA GIULIA C","PORTICUS","PASSING","PUBLIC ROOM",85.6,"STAIRWAY","PASSING","SERVICE ROOM",4.9,124,NA,65,3,"T0093",NA,"G",NA,"NO",NA,"INSIDE","DOMUS DI SANTA GIULIA C","DOMUS","I-II AD","MIDDLE EMPIRE","BRESCIA","BILIO ARCHIVE",925,"T0093",86,172,NA,"LIMESTONE","D",22,0,2,1,"NO","NO",NA,NA,NA,NA,NA,NA,NA,NA,NA,"DOMUS",100,1
"R1HT0093","T0093",NA,"SQUARED",NA,10,10,"IRON",93,"DOORWAY","NO","DOMUS DI SANTA GIULIA C","PORTICUS","PASSING","PUBLIC ROOM",85.6,"STAIRWAY","PASSING","SERVICE ROOM",4.9,124,NA,65,3,"T0093",NA,"G",NA,"NO",NA,"INSIDE","DOMUS DI SANTA GIULIA C","DOMUS","I-II AD","MIDDLE EMPIRE","BRESCIA","BILIO ARCHIVE",925,"T0093",86,172,NA,"LIMESTONE","D",22,0,2,1,"NO","NO",NA,NA,NA,NA,NA,NA,NA,NA,NA,"DOMUS",100,1
"R1HT0096","T0096",NA,"SQUARED",NA,4,3.5,"NO TRACE",96,"DOORWAY","NO","DOMUS DI SANTA GIULIA C","PORTICUS","PASSING","PUBLIC ROOM",88.4,"RECEPTION ROOM","STANDING","PUBLIC ROOM",43.4,386,NA,44,2,"T0096",NA,"G",NA,"NO",NA,"INSIDE","DOMUS DI SANTA GIULIA C","DOMUS","I-II AD","MIDDLE EMPIRE","BRESCIA","BILIO ARCHIVE",925,"T0096",58,415,NA,"LIMESTONE","E",15,0,2,2,"NO","NO",NA,NA,NA,NA,NA,NA,NA,NA,NA,"DOMUS",14,1.14285714285714
"R1HT0097","T0097",NA,"SQUARED",NA,10,10,"LEAD",97,"DOORWAY","NO","DOMUS DI SANTA GIULIA C","PORTICUS","PASSING","PUBLIC ROOM",88.4,"CUBICULUM","STANDING","PRIVATE ROOM",19.97,362,NA,56,1,"T0097",NA,"G",NA,"NO",NA,"INSIDE","DOMUS DI SANTA GIULIA C","DOMUS","I-II AD","MIDDLE EMPIRE","BRESCIA","BILIO ARCHIVE",925,"T0097",69,379,NA,NA,"C",0,2,1,0,"NO","NO",NA,NA,NA,NA,NA,NA,NA,NA,NA,"DOMUS",100,1
"R1HT0098","T0098",NA,"SQUARED",NA,10,10,"IRON",98,"DOORWAY","NO","DOMUS DI SANTA GIULIA C","PORTICUS","PASSING","PUBLIC ROOM",88.4,"RECEPTION ROOM","STANDING","PUBLIC ROOM",21.72,235,NA,42,2,"T0098",NA,"G",NA,"NO",NA,"INSIDE","DOMUS DI SANTA GIULIA C","DOMUS","I-II AD","MIDDLE EMPIRE","BRESCIA","BILIO ARCHIVE",925,"T0098",67,300,NA,"LIMESTONE","D",25,0,1,1,"NO","NO",NA,NA,NA,NA,NA,NA,NA,NA,NA,"DOMUS",100,1
"L1HT0103","T0103",NA,"SQUARED",NA,5,4,"IRON",103,"DOORWAY","NO","DOMUS DEL CHIRURGO","TRICLINIUM","STANDING","PUBLIC ROOM",30.04,"CORRIDOR","PASSING","PUBLIC ROOM",23.87,118,NA,38,2,"T0103",NA,"G",NA,"NO",NA,"OUTSIDE
","DOMUS DEL CHIRURGO","DOMUS","II-III AD","MIDDLE EMPIRE","RIMINI","SURVEY",NA,"T0103",44,1345,NA,"LIMESTONE","D",6,0,2,0,"NO","NO",NA,NA,NA,NA,NA,NA,NA,NA,NA,"DOMUS",20,1.25
"R1HT0103","T0103",NA,"SQUARED",1.5,6,5,"IRON",103,"DOORWAY","NO","DOMUS DEL CHIRURGO","TRICLINIUM","STANDING","PUBLIC ROOM",30.04,"CORRIDOR","PASSING","PUBLIC ROOM",23.87,118,NA,38,2,"T0103",NA,"G",NA,"NO",NA,"OUTSIDE
","DOMUS DEL CHIRURGO","DOMUS","II-III AD","MIDDLE EMPIRE","RIMINI","SURVEY",NA,"T0103",44,1345,NA,"LIMESTONE","D",6,0,2,0,"NO","NO",NA,NA,NA,NA,NA,NA,NA,NA,NA,"DOMUS",30,1.2
"L1HT0104","T0104",NA,"SQUARED",2,7.5,6,"IRON AND BRONZE",104,"DOORWAY","NO","DOMUS DEL CHIRURGO","CORRIDOR","PASSING","PUBLIC ROOM",23.87,"ENTRANCE","PASSING","PUBLIC ROOM",16.01,167,NA,47,2,"T0104",NA,"G",NA,"NO",NA,"OUTSIDE","DOMUS DEL CHIRURGO","DOMUS","II-III AD","MIDDLE EMPIRE","RIMINI","SURVEY",NA,"T0104",565,1835,NA,"LIMESTONE","D",9,0,2,0,"NO","NO",NA,NA,NA,NA,NA,NA,NA,NA,NA,"DOMUS",45,1.25
"R1HT0104","T0104",NA,"SQUARED",2,7,7,"IRON AND BRONZE",104,"DOORWAY","NO","DOMUS DEL CHIRURGO","CORRIDOR","PASSING","PUBLIC ROOM",23.87,"ENTRANCE","PASSING","PUBLIC ROOM",16.01,167,NA,47,2,"T0104",NA,"G",NA,"NO",NA,"OUTSIDE","DOMUS DEL CHIRURGO","DOMUS","II-III AD","MIDDLE EMPIRE","RIMINI","SURVEY",NA,"T0104",565,1835,NA,"LIMESTONE","D",9,0,2,0,"NO","NO",NA,NA,NA,NA,NA,NA,NA,NA,NA,"DOMUS",49,1
"L1HT0105","T0105",NA,"SQUARED",2,6,6,"BRONZE",105,"DOORWAY","NO","DOMUS DEL CHIRURGO","CORRIDOR","PASSING","PUBLIC ROOM",23.87,"CUBICULUM","STANDING","PRIVATE ROOM",13.6,109,NA,33,3,"T0105",NA,"G",NA,"NO",NA,"OUTSIDE","DOMUS DEL CHIRURGO","DOMUS","II-III AD","MIDDLE EMPIRE","RIMINI","SURVEY",NA,"T0105",44,123,NA,"LIMESTONE","D",11,0,2,0,"NO","NO",NA,NA,NA,NA,NA,NA,NA,NA,NA,"DOMUS",36,1
"R1HT0105","T0105",NA,"SQUARED",2,6,6,"BRONZE",105,"DOORWAY","NO","DOMUS DEL CHIRURGO","CORRIDOR","PASSING","PUBLIC ROOM",23.87,"CUBICULUM","STANDING","PRIVATE ROOM",13.6,109,NA,33,3,"T0105",NA,"G",NA,"NO",NA,"OUTSIDE","DOMUS DEL CHIRURGO","DOMUS","II-III AD","MIDDLE EMPIRE","RIMINI","SURVEY",NA,"T0105",44,123,NA,"LIMESTONE","D",11,0,2,0,"NO","NO",NA,NA,NA,NA,NA,NA,NA,NA,NA,"DOMUS",36,1
"L1HT0106","T0106",NA,"SQUARED",2,6,6,"BRONZE",106,"DOORWAY","NO","DOMUS DEL CHIRURGO","TABERNA","STANDING","PUBLIC ROOM",17.26,"CUBICULUM","STANDING","PRIVATE ROOM",13.6,88,NA,32,3,"T0106",NA,"G",NA,"NO",NA,"OUTSIDE","DOMUS DEL CHIRURGO","DOMUS","II-III AD","MIDDLE EMPIRE","RIMINI","SURVEY",NA,"T0106",43,88,NA,"MARBLE","A",11,0,2,0,"NO","NO",NA,NA,NA,NA,NA,NA,NA,NA,NA,"DOMUS",36,1
"R1HT0106","T0106",NA,"SQUARED",2,6,6,"BRONZE",106,"DOORWAY","NO","DOMUS DEL CHIRURGO","TABERNA","STANDING","PUBLIC ROOM",17.26,"CUBICULUM","STANDING","PRIVATE ROOM",13.6,88,NA,32,3,"T0106",NA,"G",NA,"NO",NA,"OUTSIDE","DOMUS DEL CHIRURGO","DOMUS","II-III AD","MIDDLE EMPIRE","RIMINI","SURVEY",NA,"T0106",43,88,NA,"MARBLE","A",11,0,2,0,"NO","NO",NA,NA,NA,NA,NA,NA,NA,NA,NA,"DOMUS",36,1
"L1HT0108","T0108",1,"SQUARED",NA,11,7,"NO TRACE",108,"DOORWAY","NO","DOMUS DEL CHIRURGO","CORRIDOR","PASSING","PUBLIC ROOM",23.87,"RECEPTION ROOM","STANDING","PUBLIC ROOM",23.09,115,NA,30,3,"T0108",NA,"G",NA,"NO",NA,"OUTSIDE","DOMUS DEL CHIRURGO","DOMUS","II-III AD","MIDDLE EMPIRE","RIMINI","SURVEY",NA,"T0108",42,115,NA,"LIMESTONE","A",12,0,2,0,"NO","NO",NA,NA,NA,NA,NA,NA,NA,NA,NA,"DOMUS",77,1.57142857142857
"R1HT0108","T0108",1,"SQUARED",NA,9.5,6,"NO TRACE",108,"DOORWAY","NO","DOMUS DEL CHIRURGO","CORRIDOR","PASSING","PUBLIC ROOM",23.87,"RECEPTION ROOM","STANDING","PUBLIC ROOM",23.09,115,NA,30,3,"T0108",NA,"G",NA,"NO",NA,"OUTSIDE","DOMUS DEL CHIRURGO","DOMUS","II-III AD","MIDDLE EMPIRE","RIMINI","SURVEY",NA,"T0108",42,115,NA,"LIMESTONE","A",12,0,2,0,"NO","NO",NA,NA,NA,NA,NA,NA,NA,NA,NA,"DOMUS",57,1.58333333333333
"L1HT0435","T0435",NA,"SQUARED",NA,8,6,"NO TRACE",435,"DOORWAY","NO","CASEGGIATO DI  DIANA  1","CUBICULUM","STANDING","PRIVATE ROOM",13.51,"SERVICE ROOM","STANDING","SERVICE ROOM",9,122,NA,56,3,"T0435",NA,"1",NA,"NO",NA,"INSIDE","CASEGGIATO DI  DIANA  1","CENTRAL COURT APARTMENT","II AD","MIDDLE EMPIRE","OSTIA","BOTH",1751,"T0435",30,120,NA,"LIMESTONE","A",7,0,2,0,"NO","NO",NA,NA,NA,NA,NA,NA,NA,NA,NA,"APARTMENT OR HOTEL",48,1.33333333333333
"R1HT0435","T0435",NA,"SQUARED",NA,8,6,"NO TRACE",435,"DOORWAY","NO","CASEGGIATO DI  DIANA  1","CUBICULUM","STANDING","PRIVATE ROOM",13.51,"SERVICE ROOM","STANDING","SERVICE ROOM",9,122,NA,56,3,"T0435",NA,"1",NA,"NO",NA,"INSIDE","CASEGGIATO DI  DIANA  1","CENTRAL COURT APARTMENT","II AD","MIDDLE EMPIRE","OSTIA","BOTH",1751,"T0435",30,120,NA,"LIMESTONE","A",7,0,2,0,"NO","NO",NA,NA,NA,NA,NA,NA,NA,NA,NA,"APARTMENT OR HOTEL",48,1.33333333333333
"L1HT0528","T0528",NA,"SQUARED",NA,8,6,"NO TRACE",528,"DOORWAY","NO","CASEGGIATO DI  DIANA  2","CUBICULUM","STANDING","PRIVATE ROOM",13.51,"SERVICE ROOM","STANDING","SERVICE ROOM",9,122,NA,56,3,"T0528",NA,"1",NA,"NO",NA,"INSIDE","CASEGGIATO DI  DIANA  2","CENTRAL COURT APARTMENT","III AD","MIDDLE EMPIRE","OSTIA","BOTH",1751,"T0528",30,120,NA,"LIMESTONE","A",7,0,2,0,"NO","NO",NA,NA,NA,NA,NA,NA,NA,NA,NA,"APARTMENT OR HOTEL",48,1.33333333333333
"R1HT0528","T0528",NA,"SQUARED",NA,8,6,"NO TRACE",528,"DOORWAY","NO","CASEGGIATO DI  DIANA  2","CUBICULUM","STANDING","PRIVATE ROOM",13.51,"SERVICE ROOM","STANDING","SERVICE ROOM",9,122,NA,56,3,"T0528",NA,"1",NA,"NO",NA,"INSIDE","CASEGGIATO DI  DIANA  2","CENTRAL COURT APARTMENT","III AD","MIDDLE EMPIRE","OSTIA","BOTH",1751,"T0528",30,120,NA,"LIMESTONE","A",7,0,2,0,"NO","NO",NA,NA,NA,NA,NA,NA,NA,NA,NA,"APARTMENT OR HOTEL",48,1.33333333333333
"L1HT0596","T0596",NA,"SQUARED",NA,8,6,"NO TRACE",596,"DOORWAY","NO","CASEGGIATO DI  DIANA  3","CUBICULUM","STANDING","PRIVATE ROOM",13.51,"SERVICE ROOM","STANDING","SERVICE ROOM",9,122,NA,56,3,"T0596",NA,"1",NA,"NO",NA,"INSIDE","CASEGGIATO DI  DIANA  3","CENTRAL COURT APARTMENT","III-IV AD","LATE EMPIRE","OSTIA","BOTH",1152,"T0596",30,120,NA,"LIMESTONE","A",7,0,2,0,"NO","NO",NA,NA,NA,NA,NA,NA,NA,NA,NA,"APARTMENT OR HOTEL",48,1.33333333333333
"R1HT0596","T0596",NA,"SQUARED",NA,8,6,"NO TRACE",596,"DOORWAY","NO","CASEGGIATO DI  DIANA  3","CUBICULUM","STANDING","PRIVATE ROOM",13.51,"SERVICE ROOM","STANDING","SERVICE ROOM",9,122,NA,56,3,"T0596",NA,"1",NA,"NO",NA,"INSIDE","CASEGGIATO DI  DIANA  3","CENTRAL COURT APARTMENT","III-IV AD","LATE EMPIRE","OSTIA","BOTH",1152,"T0596",30,120,NA,"LIMESTONE","A",7,0,2,0,"NO","NO",NA,NA,NA,NA,NA,NA,NA,NA,NA,"APARTMENT OR HOTEL",48,1.33333333333333
"R1HT0608","T0608",NA,"SQUARED",NA,7,7,"IRON",608,"DOORWAY","NO","CASEGGIATO DI  DIANA  5","STREET","PASSING","OPEN SPACES",NA,"TABERNA","STANDING","PUBLIC ROOM",29.71,236,318,61,4,"T0608","L0608","G",NA,"YES","F","OUTSIDE","CASEGGIATO DI  DIANA  5","SHOP APARTMENT","III-IV AD","LATE EMPIRE","OSTIA","BOTH",99,"T0608",43,232,18,"LIMESTONE","F",7,1,1,0,"NO","YES","L0608",107,60,9,"WOOD",NA,NA,NA,NA,"APARTMENT OR HOTEL",49,1
"L1HT0678","T0678",2,"SQUARED",NA,4,4,"NO TRACE",678,"WINDOW","NO","DOMUS DEL NINFEO","COURT","STANDING","OPEN SPACES",125.41,"RECEPTION ROOM","STANDING","PUBLIC ROOM",48.11,148,343,66,5,"T0678",NA,"G",95,"NO","G","INSIDE","DOMUS DEL NINFEO","DOMUS","IV AD","LATE EMPIRE","OSTIA","SURVEY",684,"T0678",65,135,4,"MARBLE","C",0,0,1,0,"NO","NO",NA,NA,NA,NA,NA,NA,NA,NA,NA,"DOMUS",16,1
"R1HT0679","T0679",2,"SQUARED",NA,4,4,"NO TRACE",679,"WINDOW","NO","DOMUS DEL NINFEO","COURT","STANDING","OPEN SPACES",125.41,"RECEPTION ROOM","STANDING","PUBLIC ROOM",48.11,188,343,66,5,"T0679",NA,"G",95,"NO","G","INSIDE","DOMUS DEL NINFEO","DOMUS","IV AD","LATE EMPIRE","OSTIA","SURVEY",684,"T0679",54,180,4,"MARBLE","C",0,0,1,0,"NO","NO",NA,NA,NA,NA,NA,NA,NA,NA,NA,"DOMUS",16,1
"R2HT0958""","T0958",0.5,"SQUARED",NA,6,7.5,"NO TRACE",958,"DOORWAY","NO","DOMUS  DELL'AQUILA","CUBICULUM","STANDING","PRIVATE ROOM",16.47,"CORRIDOR","PASSING","PUBLIC ROOM",16.4,159,210,45,5,"T0958",NA,"G",NA,"NO","E","INSIDE","DOMUS  DELL'AQUILA","DOMUS","III-IV AD","LATE EMPIRE","OSTIA","SURVEY",210,"T0958",58,159,NA,"MARBLE","C",0,0,2,0,"NO","NO",NA,NA,NA,NA,NA,NA,NA,NA,NA,"DOMUS",45,0.8
"L1HT1055","T1055",1,"SQUARED",NA,7,7,"NO TRACE",1055,"DOORWAY","NO","CASEGGIATO DEL SOLE 2","STREET","PASSING","OPEN SPACES",NA,"TABERNA","STANDING","PUBLIC ROOM",29.02,250,NA,60,3,"T1055",NA,"G",NA,"NO",NA,"OUTSIDE","CASEGGIATO DEL SOLE 2","APARTMENT","II AD","MIDDLE EMPIRE","OSTIA","SURVEY",303,"T1055",40,250,13,"LIMESTONE","F",11,0,1,0,"NO","NO",NA,NA,NA,NA,NA,NA,NA,NA,NA,"APARTMENT OR HOTEL",49,1
"L2HT1064","T1064",0.5,"SQUARED",NA,7,7,"NO TRACE",1064,"DOORWAY","NO","CASEGGIATO DEL SOLE 2","TABERNA","STANDING","PUBLIC ROOM",38.07,"COURT","STANDING","OPEN SPACES",36.82,146,NA,59,3,"T1064",NA,"G",NA,"NO",NA,"OUTSIDE","CASEGGIATO DEL SOLE 2","APARTMENT","II AD","MIDDLE EMPIRE","OSTIA","SURVEY",303,"T1064",39,146,17,"LIMESTONE","E",8,0,3,2,"NO","NO",NA,NA,NA,NA,NA,NA,NA,NA,NA,"APARTMENT OR HOTEL",49,1
"R1HT1064","T1064",1,"SQUARED",NA,7,7,"NO TRACE",1064,"DOORWAY","NO","CASEGGIATO DEL SOLE 2","TABERNA","STANDING","PUBLIC ROOM",38.07,"COURT","STANDING","OPEN SPACES",36.82,146,NA,59,3,"T1064",NA,"G",NA,"NO",NA,"OUTSIDE","CASEGGIATO DEL SOLE 2","APARTMENT","II AD","MIDDLE EMPIRE","OSTIA","SURVEY",303,"T1064",39,146,17,"LIMESTONE","E",8,0,3,2,"NO","NO",NA,NA,NA,NA,NA,NA,NA,NA,NA,"APARTMENT OR HOTEL",49,1
"L1HT1073","T1073",1,"SQUARED",NA,7,7,"NO TRACE",1073,"DOORWAY","NO","CASEGGIATO DEL SOLE 6","STREET","PASSING","OPEN SPACES",NA,"TABERNA","STANDING","PUBLIC ROOM",29.02,250,NA,60,3,"T1073",NA,"G",NA,"NO",NA,"OUTSIDE","CASEGGIATO DEL SOLE 6","APARTMENT","III-IV AD","LATE EMPIRE","OSTIA","SURVEY",303,"T1073",40,250,13,"LIMESTONE","F",11,0,1,0,"NO","NO",NA,NA,NA,NA,NA,NA,NA,NA,NA,"APARTMENT OR HOTEL",49,1
"R1HT1099","T1099",0.5,"SQUARED",NA,6,5,"NO TRACE",1099,"DOORWAY","NO","CASEGGIATO DEL SOLE 4","STREET","PASSING","OPEN SPACES",NA,"ENTRANCE","PASSING","PUBLIC ROOM",11.2,144,250,59,5,"T1099","L1099","G",NA,"NO","F","OUTSIDE","CASEGGIATO DEL SOLE 4","APARTMENT","III-IV AD","LATE EMPIRE","OSTIA","SURVEY",31,"T1099",35,144,NA,"LIMESTONE","D",8,0,1,0,"NO","NO","L1099",NA,60,10,"WOOD",NA,NA,NA,NA,"APARTMENT OR HOTEL",30,1.2
"L1HT1141","T1141",0.5,"SQUARED",NA,10,10,"NO TRACE",1141,"DOORWAY","NO","CAUPONA DEL PAVONE  2","COURT","STANDING","OPEN SPACES",32.03,"ANTICHAMBER","STANDING","PUBLIC ROOM",3.82,112,267,58,4,"T1141",NA,"G",NA,"NO","E","OUTSIDE","CAUPONA DEL PAVONE  2","HOTEL","II-IV AD","LATE EMPIRE","OSTIA","SURVEY",303,"T1141",30,75,13,"LIMESTONE","D",8,0,1,0,"NO","NO",NA,NA,NA,NA,NA,NA,NA,NA,NA,"APARTMENT OR HOTEL",100,1
"L2HT1178","T1178",NA,"SQUARED",NA,3,4,"IRON",1178,"DOORWAY","NO","CASEGGIATO DEL POZZO","CORRIDOR","PASSING","PUBLIC ROOM",20.71,"ANTICHAMBER","STANDING","PUBLIC ROOM",10.9,130,NA,53,3,"T1178",NA,"G",NA,"YES",NA,"INSIDE","CASEGGIATO DEL POZZO","APARTMENT","III-IV AD","LATE EMPIRE","OSTIA","SURVEY",171,"T1178",41,166,6,"OTHER STONE","D",10,0,0,0,"NO","NO",NA,NA,NA,NA,NA,NA,NA,NA,NA,"APARTMENT OR HOTEL",12,0.75
"L1HT1216","T1216",0.5,"SQUARED",NA,7,7,"NO TRACE",1216,"DOORWAY","NO","CASA BELLEZZA  1","RECEPTION ROOM","STANDING","PUBLIC ROOM",32.39,"CRYPTOPORTICUS","PASSING","PUBLIC ROOM",11.08,210,305,64,5,"T1216","L1216","UG",NA,NA,"B","INSIDE","CASA BELLEZZA  1","DOMUS","I BC","EARLY EMPIRE","ROME","SURVEY",NA,"T1216",64,210,NA,"LIMESTONE AND MOSAIC","C",0,0,2,0,"NO","NO","L1216",323,64,30,"WOOD",NA,NA,NA,NA,"DOMUS",49,1
"R1HT1216","T1216",0.5,"SQUARED",NA,10,10,"NO TRACE",1216,"DOORWAY","NO","CASA BELLEZZA  1","RECEPTION ROOM","STANDING","PUBLIC ROOM",32.39,"CRYPTOPORTICUS","PASSING","PUBLIC ROOM",11.08,210,305,64,5,"T1216","L1216","UG",NA,NA,"B","INSIDE","CASA BELLEZZA  1","DOMUS","I BC","EARLY EMPIRE","ROME","SURVEY",NA,"T1216",64,210,NA,"LIMESTONE AND MOSAIC","C",0,0,2,0,"NO","NO","L1216",323,64,30,"WOOD",NA,NA,NA,NA,"DOMUS",100,1
"R1HT1421","T1421",NA,"SQUARED",NA,8,6,"NO TRACE",1421,"DOORWAY","NO","CASA DELL'ERMA IN BRONZO","TRICLINIUM","STANDING","PUBLIC ROOM",30.1,"CORRIDOR","PASSING","PUBLIC ROOM",6.99,113,217,39,5,"T1421","L1421","G",NA,NA,"B","INSIDE","CASA DELL'ERMA IN BRONZO","DOMUS","I BC-I AD","EARLY EMPIRE","HERCULANEUM","BOTH",172,"T1421",39,18,4,"OTHER STONE","C",0,0,2,0,"NO","NO","L1421",155,39,15,"WOOD",NA,NA,NA,NA,"DOMUS",48,1.33333333333333
"L1HT1425","T1425",1,"SQUARED",NA,13,11,"NO TRACE",1425,"DOORWAY","NO","CASA DELLA PARTIZIONE LIGNEA","STREET","PASSING","OPEN SPACES",NA,"ENTRANCE","PASSING","PUBLIC ROOM",8.16,189,318,57,5,"T1425","L1425","G",NA,NA,"B","OUTSIDE","CASA DELLA PARTIZIONE LIGNEA","DOMUS","I BC-I AD","EARLY EMPIRE","HERCULANEUM","SURVEY",589,"T1425",57,189,18,"MARBLE","B",44,1,2,4,"NO","NO","L1425",189,57,20,"WOOD",NA,NA,NA,NA,"DOMUS",143,1.18181818181818
"R1HT1425","T1425",1,"SQUARED",NA,13,11,"NO TRACE",1425,"DOORWAY","NO","CASA DELLA PARTIZIONE LIGNEA","STREET","PASSING","OPEN SPACES",NA,"ENTRANCE","PASSING","PUBLIC ROOM",8.16,189,318,57,5,"T1425","L1425","G",NA,NA,"B","OUTSIDE","CASA DELLA PARTIZIONE LIGNEA","DOMUS","I BC-I AD","EARLY EMPIRE","HERCULANEUM","SURVEY",589,"T1425",57,189,18,"MARBLE","B",44,1,2,4,"NO","NO","L1425",189,57,20,"WOOD",NA,NA,NA,NA,"DOMUS",143,1.18181818181818
"L1HT1429","T1429",0.5,"SQUARED",NA,8,7.5,"NO TRACE",1429,"DOORWAY","NO","CASA DELLA PARTIZIONE LIGNEA","ATRIUM","STANDING","OPEN SPACES",77.32,"CUBICULUM","STANDING","PRIVATE ROOM",10.42,115,305,48,5,"T1429","L1429","G",NA,NA,"B","INSIDE","CASA DELLA PARTIZIONE LIGNEA","DOMUS","I BC-I AD","EARLY EMPIRE","HERCULANEUM","SURVEY",589,"T1429",51,173,4,"MARBLE","C",0,0,2,0,"NO","NO","L1429",188,48,26,"WOOD",NA,NA,NA,NA,"DOMUS",60,1.06666666666667
"R1HT1429","T1429",0.5,"SQUARED",NA,8,8,"NO TRACE",1429,"DOORWAY","NO","CASA DELLA PARTIZIONE LIGNEA","ATRIUM","STANDING","OPEN SPACES",77.32,"CUBICULUM","STANDING","PRIVATE ROOM",10.42,115,305,48,5,"T1429","L1429","G",NA,NA,"B","INSIDE","CASA DELLA PARTIZIONE LIGNEA","DOMUS","I BC-I AD","EARLY EMPIRE","HERCULANEUM","SURVEY",589,"T1429",51,173,4,"MARBLE","C",0,0,2,0,"NO","NO","L1429",188,48,26,"WOOD",NA,NA,NA,NA,"DOMUS",64,1
"L1HT1432","T1432",0.5,"SQUARED",NA,10,10,"NO TRACE",1432,"DOORWAY","NO","CASA DELLA PARTIZIONE LIGNEA","ATRIUM","STANDING","OPEN SPACES",77.32,"CUBICULUM","STANDING","PRIVATE ROOM",8.05,120,305,48,4,"T1432","L1432","G",NA,NA,"B","INSIDE","CASA DELLA PARTIZIONE LIGNEA","DOMUS","I BC-I AD","EARLY EMPIRE","HERCULANEUM","SURVEY",589,"T1432",64,167,4,"MARBLE","C",0,0,1,0,"NO","NO","L1432",141,48,14,"WOOD",NA,NA,NA,NA,"DOMUS",100,1
"L1HT1439","T1439",0.5,"SQUARED",NA,7,8.5,"NO TRACE",1439,"DOORWAY","NO","CASA DELLA PARTIZIONE LIGNEA","PORTICUS","PASSING","PUBLIC ROOM",56.52,"TRICLINIUM","STANDING","PUBLIC ROOM",26.61,135,201,45,5,"T1439","L1439","G",NA,NA,"B","INSIDE","CASA DELLA PARTIZIONE LIGNEA","DOMUS","I BC-I AD","EARLY EMPIRE","HERCULANEUM","SURVEY",589,"T1439",42,143,3,"MARBLE","C",0,0,4,0,"NO","NO","L1439",133,45,17,"WOOD",NA,NA,NA,NA,"DOMUS",59.5,0.823529411764706
"L2HT1439","T1439",0.5,"SQUARED",NA,6.5,8,"NO TRACE",1439,"DOORWAY","NO","CASA DELLA PARTIZIONE LIGNEA","PORTICUS","PASSING","PUBLIC ROOM",56.52,"TRICLINIUM","STANDING","PUBLIC ROOM",26.61,135,201,45,5,"T1439","L1439","G",NA,NA,"B","INSIDE","CASA DELLA PARTIZIONE LIGNEA","DOMUS","I BC-I AD","EARLY EMPIRE","HERCULANEUM","SURVEY",589,"T1439",42,143,3,"MARBLE","C",0,0,4,0,"NO","NO","L1439",133,45,17,"WOOD",NA,NA,NA,NA,"DOMUS",52,0.8125
"R1HT1439","T1439",0.5,"SQUARED",NA,7,7,"IRON",1439,"DOORWAY","NO","CASA DELLA PARTIZIONE LIGNEA","PORTICUS","PASSING","PUBLIC ROOM",56.52,"TRICLINIUM","STANDING","PUBLIC ROOM",26.61,135,201,45,5,"T1439","L1439","G",NA,NA,"B","INSIDE","CASA DELLA PARTIZIONE LIGNEA","DOMUS","I BC-I AD","EARLY EMPIRE","HERCULANEUM","SURVEY",589,"T1439",42,143,3,"MARBLE","C",0,0,4,0,"NO","NO","L1439",133,45,17,"WOOD",NA,NA,NA,NA,"DOMUS",49,1
"R2HT1439","T1439",0.5,"SQUARED",NA,7,6,"NO TRACE",1439,"DOORWAY","NO","CASA DELLA PARTIZIONE LIGNEA","PORTICUS","PASSING","PUBLIC ROOM",56.52,"TRICLINIUM","STANDING","PUBLIC ROOM",26.61,135,201,45,5,"T1439","L1439","G",NA,NA,"B","INSIDE","CASA DELLA PARTIZIONE LIGNEA","DOMUS","I BC-I AD","EARLY EMPIRE","HERCULANEUM","SURVEY",589,"T1439",42,143,3,"MARBLE","C",0,0,4,0,"NO","NO","L1439",133,45,17,"WOOD",NA,NA,NA,NA,"DOMUS",42,1.16666666666667
"L1HT1441","T1441",0.5,"SQUARED",NA,10,10,"NO TRACE",1441,"DOORWAY","NO","CASA DELLA PARTIZIONE LIGNEA","PORTICUS","PASSING","PUBLIC ROOM",56.52,"TABLINIUM","STANDING","PUBLIC ROOM",14.71,341,326,43,5,"T1441","L1441","G",NA,NA,"B","INSIDE","CASA DELLA PARTIZIONE LIGNEA","DOMUS","I BC-I AD","EARLY EMPIRE","HERCULANEUM","SURVEY",589,"T1441",62,370,NA,"MARBLE","C",0,0,2,0,"NO","NO","L1441",435,45,40,"WOOD",NA,NA,NA,NA,"DOMUS",100,1
"R1HT1441","T1441",0.5,"SQUARED",NA,10,10,"NO TRACE",1441,"DOORWAY","NO","CASA DELLA PARTIZIONE LIGNEA","PORTICUS","PASSING","PUBLIC ROOM",56.52,"TABLINIUM","STANDING","PUBLIC ROOM",14.71,341,326,43,5,"T1441","L1441","G",NA,NA,"B","INSIDE","CASA DELLA PARTIZIONE LIGNEA","DOMUS","I BC-I AD","EARLY EMPIRE","HERCULANEUM","SURVEY",589,"T1441",62,370,NA,"MARBLE","C",0,0,2,0,"NO","NO","L1441",435,45,40,"WOOD",NA,NA,NA,NA,"DOMUS",100,1
"L1HT1442","T1442",0.5,"SQUARED",NA,10,9,"NO TRACE",1442,"DOORWAY","NO","CASA DELLA PARTIZIONE LIGNEA","ATRIUM","STANDING","OPEN SPACES",77.32,"CORRIDOR","PASSING","PUBLIC ROOM",4.27,111,205,42,5,"T1442","L1442","G",NA,NA,"B","INSIDE","CASA DELLA PARTIZIONE LIGNEA","DOMUS","I BC-I AD","EARLY EMPIRE","HERCULANEUM","SURVEY",589,"T1442",56,118,NA,"MARBLE","C",0,0,2,0,"NO","NO","L1442",124,42,12,"WOOD",NA,NA,NA,NA,"DOMUS",90,1.11111111111111
"L2HT1442","T1442",0.5,"SQUARED",NA,11,9,"BRONZE",1442,"DOORWAY","NO","CASA DELLA PARTIZIONE LIGNEA","ATRIUM","STANDING","OPEN SPACES",77.32,"CORRIDOR","PASSING","PUBLIC ROOM",4.27,111,205,42,5,"T1442","L1442","G",NA,NA,"B","INSIDE","CASA DELLA PARTIZIONE LIGNEA","DOMUS","I BC-I AD","EARLY EMPIRE","HERCULANEUM","SURVEY",589,"T1442",56,118,NA,"MARBLE","C",0,0,2,0,"NO","NO","L1442",124,42,12,"WOOD",NA,NA,NA,NA,"DOMUS",99,1.22222222222222
"L1HT1446","T1446",0.5,"SQUARED",NA,8,8,"NO TRACE",1446,"DOORWAY","NO","CASA DELLA PARTIZIONE LIGNEA","PORTICUS","PASSING","PUBLIC ROOM",56.52,"CUBICULUM","STANDING","PRIVATE ROOM",12.05,105,213,41,5,"T1446","L1446","G",NA,NA,"B","INSIDE","CASA DELLA PARTIZIONE LIGNEA","DOMUS","I BC-I AD","EARLY EMPIRE","HERCULANEUM","SURVEY",589,"T1446",45,161,4,"MARBLE","C",0,0,2,0,"NO","NO","L1446",140,41,8,"WOOD",NA,NA,NA,NA,"DOMUS",64,1
"R1HT1446","T1446",0.5,"SQUARED",NA,8,8,"NO TRACE",1446,"DOORWAY","NO","CASA DELLA PARTIZIONE LIGNEA","PORTICUS","PASSING","PUBLIC ROOM",56.52,"CUBICULUM","STANDING","PRIVATE ROOM",12.05,105,213,41,5,"T1446","L1446","G",NA,NA,"B","INSIDE","CASA DELLA PARTIZIONE LIGNEA","DOMUS","I BC-I AD","EARLY EMPIRE","HERCULANEUM","SURVEY",589,"T1446",45,161,4,"MARBLE","C",0,0,2,0,"NO","NO","L1446",140,41,8,"WOOD",NA,NA,NA,NA,"DOMUS",64,1
"L1HT1452","T1452",0.5,"SQUARED",NA,7,7,"NO TRACE",1452,"DOORWAY","NO","CASA DELLA PARTIZIONE LIGNEA","PORTICUS","PASSING","PUBLIC ROOM",56.52,"RECEPTION ROOM","STANDING","PUBLIC ROOM",17.59,267,231,39,5,"T1452","L1452","G",NA,NA,"B","INSIDE","CASA DELLA PARTIZIONE LIGNEA","DOMUS","I BC-I AD","EARLY EMPIRE","HERCULANEUM","SURVEY",589,"T1452",74,347,NA,"MARBLE","C",0,0,2,0,"NO","NO","L1452",356,39,14,"WOOD",NA,NA,NA,NA,"DOMUS",49,1
"R1HT1452","T1452",0.5,"SQUARED",NA,8,9,"NO TRACE",1452,"DOORWAY","NO","CASA DELLA PARTIZIONE LIGNEA","PORTICUS","PASSING","PUBLIC ROOM",56.52,"RECEPTION ROOM","STANDING","PUBLIC ROOM",17.59,267,231,39,5,"T1452","L1452","G",NA,NA,"B","INSIDE","CASA DELLA PARTIZIONE LIGNEA","DOMUS","I BC-I AD","EARLY EMPIRE","HERCULANEUM","SURVEY",589,"T1452",74,347,NA,"MARBLE","C",0,0,2,0,"NO","NO","L1452",356,39,14,"WOOD",NA,NA,NA,NA,"DOMUS",72,0.888888888888889
"L1HT1454","T1454",0.5,"SQUARED",NA,8,8,"BRONZE",1454,"DOORWAY","NO","CASA DELLA PARTIZIONE LIGNEA","PORTICUS","PASSING","PUBLIC ROOM",56.52,"CUBICULUM","STANDING","PRIVATE ROOM",8.47,112,184,39,5,"T1454","L1454","G",NA,NA,"B","INSIDE","CASA DELLA PARTIZIONE LIGNEA","DOMUS","I BC-I AD","EARLY EMPIRE","HERCULANEUM","SURVEY",589,"T1454",59,133,NA,"MARBLE","C",0,0,2,0,"NO","NO","L1454",131,39,8,"WOOD",NA,NA,NA,NA,"DOMUS",64,1
"R1HT1454","T1454",0.5,"SQUARED",NA,7,7,"IRON",1454,"DOORWAY","NO","CASA DELLA PARTIZIONE LIGNEA","PORTICUS","PASSING","PUBLIC ROOM",56.52,"CUBICULUM","STANDING","PRIVATE ROOM",8.47,112,184,39,5,"T1454","L1454","G",NA,NA,"B","INSIDE","CASA DELLA PARTIZIONE LIGNEA","DOMUS","I BC-I AD","EARLY EMPIRE","HERCULANEUM","SURVEY",589,"T1454",59,133,NA,"MARBLE","C",0,0,2,0,"NO","NO","L1454",131,39,8,"WOOD",NA,NA,NA,NA,"DOMUS",49,1
"L1HT1465","T1465",NA,"SQUARED",NA,7,7,"NO TRACE",1465,"DOORWAY","NO","CASA DELLA PARTIZIONE LIGNEA","STREET","PASSING","OPEN SPACES",NA,"TABERNA","STANDING","PUBLIC ROOM",23.44,408,NA,45,3,"T1465",NA,"G",NA,NA,NA,"OUTSIDE","CASA DELLA PARTIZIONE LIGNEA","DOMUS","I BC-I AD","EARLY EMPIRE","HERCULANEUM","SURVEY",589,"T1465",36,413,20,"OTHER STONE","F",12,0,1,1,"NO","YES",NA,NA,NA,NA,NA,NA,NA,NA,NA,"DOMUS",49,1
"L1HT1474","T1474",0.5,"SQUARED",NA,8,7,"IRON",1474,"DOORWAY","NO","CASA DELL'ATRIO A MOSAICO","ATRIUM","STANDING","OPEN SPACES",71.96,"KITCHEN","STANDING","SERVICE ROOM",13.71,88,221,41,4,"T1474","L1474","G",NA,NA,"B","OUTSIDE","CASA DELL'ATRIO A MOSAICO","DOMUS","I AD","EARLY EMPIRE","HERCULANEUM","BOTH",1174,"T1474",51,198,4,"MARBLE","C",0,0,1,0,"NO","NO","L1474",210,41,24,"WOOD",NA,NA,NA,NA,"DOMUS",56,1.14285714285714
"L1HT1475","T1475",0.5,"SQUARED",NA,10,9,"NO TRACE",1475,"DOORWAY","NO","CASA DELL'ATRIO A MOSAICO","PORTICUS","PASSING","PUBLIC ROOM",171.46,"ATRIUM","STANDING","OPEN SPACES",71.96,150,221,43,5,"T1475","L1475","G",NA,NA,"B","INSIDE","CASA DELL'ATRIO A MOSAICO","DOMUS","I AD","EARLY EMPIRE","HERCULANEUM","BOTH",1174,"T1475",50,157,3,"MARBLE","C",0,1,2,0,"NO","NO","L1475",159,43,20,"WOOD",NA,NA,NA,NA,"DOMUS",90,1.11111111111111
"R1HT1475","T1475",0.5,"SQUARED",NA,9,9,"NO TRACE",1475,"DOORWAY","NO","CASA DELL'ATRIO A MOSAICO","PORTICUS","PASSING","PUBLIC ROOM",171.46,"ATRIUM","STANDING","OPEN SPACES",71.96,150,221,43,5,"T1475","L1475","G",NA,NA,"B","INSIDE","CASA DELL'ATRIO A MOSAICO","DOMUS","I AD","EARLY EMPIRE","HERCULANEUM","BOTH",1174,"T1475",50,157,3,"MARBLE","C",0,1,2,0,"NO","NO","L1475",159,43,20,"WOOD",NA,NA,NA,NA,"DOMUS",81,1
"L1HT1497","T1497",0.5,"SQUARED",NA,9,9,"NO TRACE",1497,"DOORWAY","NO","CASA DELL'ATRIO A MOSAICO","PORTICUS","PASSING","PUBLIC ROOM",171.46,"CUBICULUM","STANDING","PRIVATE ROOM",14.96,130,195,48,5,"T1497","L1497","G",NA,NA,"B","INSIDE","CASA DELL'ATRIO A MOSAICO","DOMUS","I AD","EARLY EMPIRE","HERCULANEUM","BOTH",1174,"T1497",36,131,4,"MARBLE","C",0,0,3,0,"NO","NO","L1497",NA,NA,18,"WOOD",NA,NA,NA,NA,"DOMUS",81,1
"R1HT1497","T1497",0.5,"SQUARED",NA,8,8,"NO TRACE",1497,"DOORWAY","NO","CASA DELL'ATRIO A MOSAICO","PORTICUS","PASSING","PUBLIC ROOM",171.46,"CUBICULUM","STANDING","PRIVATE ROOM",14.96,130,195,48,5,"T1497","L1497","G",NA,NA,"B","INSIDE","CASA DELL'ATRIO A MOSAICO","DOMUS","I AD","EARLY EMPIRE","HERCULANEUM","BOTH",1174,"T1497",36,131,4,"MARBLE","C",0,0,3,0,"NO","NO","L1497",NA,NA,18,"WOOD",NA,NA,NA,NA,"DOMUS",64,1
"R2HT1497","T1497",0.5,"SQUARED",NA,9,9,"NO TRACE",1497,"DOORWAY","NO","CASA DELL'ATRIO A MOSAICO","PORTICUS","PASSING","PUBLIC ROOM",171.46,"CUBICULUM","STANDING","PRIVATE ROOM",14.96,130,195,48,5,"T1497","L1497","G",NA,NA,"B","INSIDE","CASA DELL'ATRIO A MOSAICO","DOMUS","I AD","EARLY EMPIRE","HERCULANEUM","BOTH",1174,"T1497",36,131,4,"MARBLE","C",0,0,3,0,"NO","NO","L1497",NA,NA,18,"WOOD",NA,NA,NA,NA,"DOMUS",81,1
"L1HT1499","T1499",0.5,"SQUARED",NA,6,6,"NO TRACE",1499,"DOORWAY","NO","CASA DELL'ATRIO A MOSAICO","CUBICULUM","STANDING","PRIVATE ROOM",14.74,"PORTICUS","PASSING","PUBLIC ROOM",7.74,134,196,47,5,"T1499","L1499","G",NA,NA,"B","INSIDE","CASA DELL'ATRIO A MOSAICO","DOMUS","I AD","EARLY EMPIRE","HERCULANEUM","BOTH",1174,"T1499",38,136,4,"MARBLE","C",0,0,6,0,"NO","NO","L1499",182,47,16,"WOOD",NA,NA,NA,NA,"DOMUS",36,1
"L2HT1499","T1499",0.5,"SQUARED",NA,7,7,"NO TRACE",1499,"DOORWAY","NO","CASA DELL'ATRIO A MOSAICO","CUBICULUM","STANDING","PRIVATE ROOM",14.74,"PORTICUS","PASSING","PUBLIC ROOM",7.74,134,196,47,5,"T1499","L1499","G",NA,NA,"B","INSIDE","CASA DELL'ATRIO A MOSAICO","DOMUS","I AD","EARLY EMPIRE","HERCULANEUM","BOTH",1174,"T1499",38,136,4,"MARBLE","C",0,0,6,0,"NO","NO","L1499",182,47,16,"WOOD",NA,NA,NA,NA,"DOMUS",49,1
"R1HT1499","T1499",0.5,"SQUARED",NA,7,6,"NO TRACE",1499,"DOORWAY","NO","CASA DELL'ATRIO A MOSAICO","CUBICULUM","STANDING","PRIVATE ROOM",14.74,"PORTICUS","PASSING","PUBLIC ROOM",7.74,134,196,47,5,"T1499","L1499","G",NA,NA,"B","INSIDE","CASA DELL'ATRIO A MOSAICO","DOMUS","I AD","EARLY EMPIRE","HERCULANEUM","BOTH",1174,"T1499",38,136,4,"MARBLE","C",0,0,6,0,"NO","NO","L1499",182,47,16,"WOOD",NA,NA,NA,NA,"DOMUS",42,1.16666666666667
"R2HT1499","T1499",0.5,"SQUARED",NA,7,10,"NO TRACE",1499,"DOORWAY","NO","CASA DELL'ATRIO A MOSAICO","CUBICULUM","STANDING","PRIVATE ROOM",14.74,"PORTICUS","PASSING","PUBLIC ROOM",7.74,134,196,47,5,"T1499","L1499","G",NA,NA,"B","INSIDE","CASA DELL'ATRIO A MOSAICO","DOMUS","I AD","EARLY EMPIRE","HERCULANEUM","BOTH",1174,"T1499",38,136,4,"MARBLE","C",0,0,6,0,"NO","NO","L1499",182,47,16,"WOOD",NA,NA,NA,NA,"DOMUS",70,0.7
"L1HT1501","T1501",0.5,"SQUARED",NA,7,7,"NO TRACE",1501,"DOORWAY","NO","CASA DELL'ATRIO A MOSAICO","PORTICUS","PASSING","PUBLIC ROOM",7.74,"STAIRWAY","PASSING","SERVICE ROOM",4.35,113,194,38,5,"T1501",NA,"G",NA,NA,"A","INSIDE","CASA DELL'ATRIO A MOSAICO","DOMUS","I AD","EARLY EMPIRE","HERCULANEUM","BOTH",1174,"T1501",41,110,NA,"LIMESTONE AND MOSAIC","C",0,0,4,0,"NO","NO",NA,NA,NA,NA,NA,NA,NA,NA,NA,"DOMUS",49,1
"L2HT1501","T1501",0.5,"SQUARED",NA,8,7,"NO TRACE",1501,"DOORWAY","NO","CASA DELL'ATRIO A MOSAICO","PORTICUS","PASSING","PUBLIC ROOM",7.74,"STAIRWAY","PASSING","SERVICE ROOM",4.35,113,194,38,5,"T1501",NA,"G",NA,NA,"A","INSIDE","CASA DELL'ATRIO A MOSAICO","DOMUS","I AD","EARLY EMPIRE","HERCULANEUM","BOTH",1174,"T1501",41,110,NA,"LIMESTONE AND MOSAIC","C",0,0,4,0,"NO","NO",NA,NA,NA,NA,NA,NA,NA,NA,NA,"DOMUS",56,1.14285714285714
"L3HT1501","T1501",0.5,"SQUARED",NA,7,7,"NO TRACE",1501,"DOORWAY","NO","CASA DELL'ATRIO A MOSAICO","PORTICUS","PASSING","PUBLIC ROOM",7.74,"STAIRWAY","PASSING","SERVICE ROOM",4.35,113,194,38,5,"T1501",NA,"G",NA,NA,"A","INSIDE","CASA DELL'ATRIO A MOSAICO","DOMUS","I AD","EARLY EMPIRE","HERCULANEUM","BOTH",1174,"T1501",41,110,NA,"LIMESTONE AND MOSAIC","C",0,0,4,0,"NO","NO",NA,NA,NA,NA,NA,NA,NA,NA,NA,"DOMUS",49,1
"R1HT1501","T1501",0.5,"SQUARED",NA,7,6,"NO TRACE",1501,"DOORWAY","NO","CASA DELL'ATRIO A MOSAICO","PORTICUS","PASSING","PUBLIC ROOM",7.74,"STAIRWAY","PASSING","SERVICE ROOM",4.35,113,194,38,5,"T1501",NA,"G",NA,NA,"A","INSIDE","CASA DELL'ATRIO A MOSAICO","DOMUS","I AD","EARLY EMPIRE","HERCULANEUM","BOTH",1174,"T1501",41,110,NA,"LIMESTONE AND MOSAIC","C",0,0,4,0,"NO","NO",NA,NA,NA,NA,NA,NA,NA,NA,NA,"DOMUS",42,1.16666666666667
"R2HT1501","T1501",0.5,"SQUARED",NA,7,6,"NO TRACE",1501,"DOORWAY","NO","CASA DELL'ATRIO A MOSAICO","PORTICUS","PASSING","PUBLIC ROOM",7.74,"STAIRWAY","PASSING","SERVICE ROOM",4.35,113,194,38,5,"T1501",NA,"G",NA,NA,"A","INSIDE","CASA DELL'ATRIO A MOSAICO","DOMUS","I AD","EARLY EMPIRE","HERCULANEUM","BOTH",1174,"T1501",41,110,NA,"LIMESTONE AND MOSAIC","C",0,0,4,0,"NO","NO",NA,NA,NA,NA,NA,NA,NA,NA,NA,"DOMUS",42,1.16666666666667
"R1HT1503","T1503",0.5,"SQUARED",NA,7,7,"NO TRACE",1503,"DOORWAY","NO","CASA DELL'ATRIO A MOSAICO","RECEPTION ROOM","STANDING","PUBLIC ROOM",25.24,"PORTICUS","PASSING","PUBLIC ROOM",7.74,117,176,41,5,"T1503","L1503","G",NA,NA,"B","INSIDE","CASA DELL'ATRIO A MOSAICO","DOMUS","I AD","EARLY EMPIRE","HERCULANEUM","BOTH",1174,"T1503",22,119,4,"MARBLE","C",0,0,2,0,"NO","NO","L1503",152,41,14,"WOOD",NA,NA,NA,NA,"DOMUS",49,1
"R2HT1503","T1503",0.5,"SQUARED",NA,4,4,"NO TRACE",1503,"DOORWAY","NO","CASA DELL'ATRIO A MOSAICO","RECEPTION ROOM","STANDING","PUBLIC ROOM",25.24,"PORTICUS","PASSING","PUBLIC ROOM",7.74,117,176,41,5,"T1503","L1503","G",NA,NA,"B","INSIDE","CASA DELL'ATRIO A MOSAICO","DOMUS","I AD","EARLY EMPIRE","HERCULANEUM","BOTH",1174,"T1503",22,119,4,"MARBLE","C",0,0,2,0,"NO","NO","L1503",152,41,14,"WOOD",NA,NA,NA,NA,"DOMUS",16,1
"L1HT1504","T1504",0.5,"SQUARED",NA,8,8,"NO TRACE",1504,"DOORWAY","NO","CASA DELL'ATRIO A MOSAICO","COURT","STANDING","OPEN SPACES",219.51,"RECEPTION ROOM","STANDING","PUBLIC ROOM",25.24,263,271,36,5,"T1504","L1504","G",NA,NA,"B","INSIDE","CASA DELL'ATRIO A MOSAICO","DOMUS","I AD","EARLY EMPIRE","HERCULANEUM","BOTH",1174,"T1504",50,263,4,"MARBLE","C",0,0,2,0,"NO","NO","L1504",292,36,17,"WOOD",NA,NA,NA,NA,"DOMUS",64,1
"L2HT1504","T1504",0.5,"SQUARED",NA,9,9,"NO TRACE",1504,"DOORWAY","NO","CASA DELL'ATRIO A MOSAICO","COURT","STANDING","OPEN SPACES",219.51,"RECEPTION ROOM","STANDING","PUBLIC ROOM",25.24,263,271,36,5,"T1504","L1504","G",NA,NA,"B","INSIDE","CASA DELL'ATRIO A MOSAICO","DOMUS","I AD","EARLY EMPIRE","HERCULANEUM","BOTH",1174,"T1504",50,263,4,"MARBLE","C",0,0,2,0,"NO","NO","L1504",292,36,17,"WOOD",NA,NA,NA,NA,"DOMUS",81,1
"L1HT1506","T1506",0.5,"SQUARED",NA,7,7,"NO TRACE",1506,"DOORWAY","NO","CASA DELL'ATRIO A MOSAICO","RECEPTION ROOM","STANDING","PUBLIC ROOM",25.24,"PORTICUS","PASSING","PUBLIC ROOM",6.35,102,192,32,5,"T1506","L1506","G",NA,NA,"B","INSIDE","CASA DELL'ATRIO A MOSAICO","DOMUS","I AD","EARLY EMPIRE","HERCULANEUM","BOTH",1174,"T1506",20,102,4,"MARBLE","C",0,0,2,0,"NO","NO","L1506",132,32,13,"WOOD",NA,NA,NA,NA,"DOMUS",49,1
"R1HT1506","T1506",0.5,"SQUARED",NA,7,7,"NO TRACE",1506,"DOORWAY","NO","CASA DELL'ATRIO A MOSAICO","RECEPTION ROOM","STANDING","PUBLIC ROOM",25.24,"PORTICUS","PASSING","PUBLIC ROOM",6.35,102,192,32,5,"T1506","L1506","G",NA,NA,"B","INSIDE","CASA DELL'ATRIO A MOSAICO","DOMUS","I AD","EARLY EMPIRE","HERCULANEUM","BOTH",1174,"T1506",20,102,4,"MARBLE","C",0,0,2,0,"NO","NO","L1506",132,32,13,"WOOD",NA,NA,NA,NA,"DOMUS",49,1
"L1HT1527","T1527",1,"SQUARED",NA,7,6,"NO TRACE",1527,"DOORWAY","NO","CASA DELL'ATRIO A MOSAICO","CORRIDOR","PASSING","PUBLIC ROOM",26.03,"RECEPTION ROOM","STANDING","PUBLIC ROOM",17.43,102,180,38,5,"T1527","L1527","G",NA,NA,"B","INSIDE","CASA DELL'ATRIO A MOSAICO","DOMUS","I AD","EARLY EMPIRE","HERCULANEUM","BOTH",1174,"T1527",21,93,4,"MARBLE","C",0,0,1,0,"NO","NO","L1527",153,38,15,"WOOD",NA,NA,NA,NA,"DOMUS",42,1.16666666666667
"L1HT1528","T1528",1,"SQUARED",NA,8,7,"NO TRACE",1528,"DOORWAY","NO","CASA DELL'ATRIO A MOSAICO","TRICLINIUM","STANDING","PUBLIC ROOM",64.87,"CORRIDOR","PASSING","PUBLIC ROOM",26.03,113,190,75,5,"T1528","L1528","G",NA,NA,"B","INSIDE","CASA DELL'ATRIO A MOSAICO","DOMUS","I AD","EARLY EMPIRE","HERCULANEUM","BOTH",1174,"T1528",26,113,4,"MARBLE","C",0,0,2,0,"NO","NO","L1528",192,75,40,"WOOD",NA,NA,NA,NA,"DOMUS",56,1.14285714285714
"R1HT1528","T1528",1,"SQUARED",NA,8,7,"NO TRACE",1528,"DOORWAY","NO","CASA DELL'ATRIO A MOSAICO","TRICLINIUM","STANDING","PUBLIC ROOM",64.87,"CORRIDOR","PASSING","PUBLIC ROOM",26.03,113,190,75,5,"T1528","L1528","G",NA,NA,"B","INSIDE","CASA DELL'ATRIO A MOSAICO","DOMUS","I AD","EARLY EMPIRE","HERCULANEUM","BOTH",1174,"T1528",26,113,4,"MARBLE","C",0,0,2,0,"NO","NO","L1528",192,75,40,"WOOD",NA,NA,NA,NA,"DOMUS",56,1.14285714285714
"L1HT1530","T1530",1,"SQUARED",NA,8,8,"NO TRACE",1530,"DOORWAY","NO","CASA DELL'ATRIO A MOSAICO","PORTICUS","PASSING","PUBLIC ROOM",56.28,"RECEPTION ROOM","STANDING","PUBLIC ROOM",24.79,172,NA,44,3,"T1530",NA,"G",NA,NA,NA,"INSIDE","CASA DELL'ATRIO A MOSAICO","DOMUS","I AD","EARLY EMPIRE","HERCULANEUM","BOTH",1174,"T1530",43,187,4,"MARBLE","C",0,0,2,0,"NO","NO",NA,NA,NA,NA,NA,NA,NA,NA,NA,"DOMUS",64,1
"R1HT1530","T1530",1,"SQUARED",NA,8,8,"NO TRACE",1530,"DOORWAY","NO","CASA DELL'ATRIO A MOSAICO","PORTICUS","PASSING","PUBLIC ROOM",56.28,"RECEPTION ROOM","STANDING","PUBLIC ROOM",24.79,172,NA,44,3,"T1530",NA,"G",NA,NA,NA,"INSIDE","CASA DELL'ATRIO A MOSAICO","DOMUS","I AD","EARLY EMPIRE","HERCULANEUM","BOTH",1174,"T1530",43,187,4,"MARBLE","C",0,0,2,0,"NO","NO",NA,NA,NA,NA,NA,NA,NA,NA,NA,"DOMUS",64,1
"L1HT1531","T1531",1,"SQUARED",NA,7,7,"NO TRACE",1531,"DOORWAY","NO","CASA DELL'ATRIO A MOSAICO","RECEPTION ROOM","STANDING","PUBLIC ROOM",24.79,"RECEPTION ROOM","STANDING","PUBLIC ROOM",17.43,102,207,44,5,"T1531","L1531","G",NA,NA,"B","INSIDE","CASA DELL'ATRIO A MOSAICO","DOMUS","I AD","EARLY EMPIRE","HERCULANEUM","BOTH",1174,"T1531",26,116,4,"MARBLE","C",0,0,2,0,"NO","NO","L1531",165,44,15,"WOOD",NA,NA,NA,NA,"DOMUS",49,1
"R1HT1531","T1531",1,"SQUARED",NA,7,7,"NO TRACE",1531,"DOORWAY","NO","CASA DELL'ATRIO A MOSAICO","RECEPTION ROOM","STANDING","PUBLIC ROOM",24.79,"RECEPTION ROOM","STANDING","PUBLIC ROOM",17.43,102,207,44,5,"T1531","L1531","G",NA,NA,"B","INSIDE","CASA DELL'ATRIO A MOSAICO","DOMUS","I AD","EARLY EMPIRE","HERCULANEUM","BOTH",1174,"T1531",26,116,4,"MARBLE","C",0,0,2,0,"NO","NO","L1531",165,44,15,"WOOD",NA,NA,NA,NA,"DOMUS",49,1
"L1HT1532","T1532",1,"SQUARED",NA,8,8,"NO TRACE",1532,"DOORWAY","NO","CASA DELL'ATRIO A MOSAICO","PORTICUS","PASSING","PUBLIC ROOM",56.28,"RECEPTION ROOM","STANDING","PUBLIC ROOM",17.43,174,NA,49,3,"T1532",NA,"G",NA,NA,NA,"INSIDE","CASA DELL'ATRIO A MOSAICO","DOMUS","I AD","EARLY EMPIRE","HERCULANEUM","BOTH",1174,"T1532",49,175,NA,"LIMESTONE AND MOSAIC","C",0,0,2,0,"NO","NO",NA,NA,NA,NA,NA,NA,NA,NA,NA,"DOMUS",64,1
"R1HT1532","T1532",1,"SQUARED",NA,8,8,"NO TRACE",1532,"DOORWAY","NO","CASA DELL'ATRIO A MOSAICO","PORTICUS","PASSING","PUBLIC ROOM",56.28,"RECEPTION ROOM","STANDING","PUBLIC ROOM",17.43,174,NA,49,3,"T1532",NA,"G",NA,NA,NA,"INSIDE","CASA DELL'ATRIO A MOSAICO","DOMUS","I AD","EARLY EMPIRE","HERCULANEUM","BOTH",1174,"T1532",49,175,NA,"LIMESTONE AND MOSAIC","C",0,0,2,0,"NO","NO",NA,NA,NA,NA,NA,NA,NA,NA,NA,"DOMUS",64,1
"L1HT1533","T1533",0.5,"SQUARED",NA,10,10,"NO TRACE",1533,"DOORWAY","NO","CASA DELL'ATRIO A MOSAICO","TRICLINIUM","STANDING","PUBLIC ROOM",64.87,"RECEPTION ROOM","STANDING","PUBLIC ROOM",17.43,180,208,51,5,"T1533","L1533","G",NA,NA,"B","INSIDE","CASA DELL'ATRIO A MOSAICO","DOMUS","I AD","EARLY EMPIRE","HERCULANEUM","BOTH",1174,"T1533",47,180,4,"MARBLE","C",0,0,4,0,"NO","NO","L1533",235,51,18,"WOOD",NA,NA,NA,NA,"DOMUS",100,1
"L2HT1533","T1533",1,"SQUARED",NA,7,7,"NO TRACE",1533,"DOORWAY","NO","CASA DELL'ATRIO A MOSAICO","TRICLINIUM","STANDING","PUBLIC ROOM",64.87,"RECEPTION ROOM","STANDING","PUBLIC ROOM",17.43,180,208,51,5,"T1533","L1533","G",NA,NA,"B","INSIDE","CASA DELL'ATRIO A MOSAICO","DOMUS","I AD","EARLY EMPIRE","HERCULANEUM","BOTH",1174,"T1533",47,180,4,"MARBLE","C",0,0,4,0,"NO","NO","L1533",235,51,18,"WOOD",NA,NA,NA,NA,"DOMUS",49,1
"R1HT1533","T1533",0.5,"SQUARED",NA,10,10,"NO TRACE",1533,"DOORWAY","NO","CASA DELL'ATRIO A MOSAICO","TRICLINIUM","STANDING","PUBLIC ROOM",64.87,"RECEPTION ROOM","STANDING","PUBLIC ROOM",17.43,180,208,51,5,"T1533","L1533","G",NA,NA,"B","INSIDE","CASA DELL'ATRIO A MOSAICO","DOMUS","I AD","EARLY EMPIRE","HERCULANEUM","BOTH",1174,"T1533",47,180,4,"MARBLE","C",0,0,4,0,"NO","NO","L1533",235,51,18,"WOOD",NA,NA,NA,NA,"DOMUS",100,1
"R2HT1533","T1533",1,"SQUARED",NA,7,7,"NO TRACE",1533,"DOORWAY","NO","CASA DELL'ATRIO A MOSAICO","TRICLINIUM","STANDING","PUBLIC ROOM",64.87,"RECEPTION ROOM","STANDING","PUBLIC ROOM",17.43,180,208,51,5,"T1533","L1533","G",NA,NA,"B","INSIDE","CASA DELL'ATRIO A MOSAICO","DOMUS","I AD","EARLY EMPIRE","HERCULANEUM","BOTH",1174,"T1533",47,180,4,"MARBLE","C",0,0,4,0,"NO","NO","L1533",235,51,18,"WOOD",NA,NA,NA,NA,"DOMUS",49,1
"C1HT1534","T1534",1,"SQUARED",NA,12,7,"NO TRACE",1534,"DOORWAY","NO","CASA DELL'ATRIO A MOSAICO","TRICLINIUM","STANDING","PUBLIC ROOM",64.87,"PORTICUS","PASSING","PUBLIC ROOM",56.28,359,331,43,5,"T1534","L1534","G",NA,NA,"B","INSIDE","CASA DELL'ATRIO A MOSAICO","DOMUS","I AD","EARLY EMPIRE","HERCULANEUM","BOTH",1174,"T1534",42,359,4,"MARBLE","A",10,0,5,0,"NO","NO","L1534",403,43,16,"WOOD",NA,NA,NA,NA,"DOMUS",84,1.71428571428571
"L1HT1534","T1534",2,"SQUARED",NA,10,10,"NO TRACE",1534,"DOORWAY","NO","CASA DELL'ATRIO A MOSAICO","TRICLINIUM","STANDING","PUBLIC ROOM",64.87,"PORTICUS","PASSING","PUBLIC ROOM",56.28,359,331,43,5,"T1534","L1534","G",NA,NA,"B","INSIDE","CASA DELL'ATRIO A MOSAICO","DOMUS","I AD","EARLY EMPIRE","HERCULANEUM","BOTH",1174,"T1534",42,359,4,"MARBLE","A",10,0,5,0,"NO","NO","L1534",403,43,16,"WOOD",NA,NA,NA,NA,"DOMUS",100,1
"R1HT1534","T1534",1,"SQUARED",NA,10,10,"NO TRACE",1534,"DOORWAY","NO","CASA DELL'ATRIO A MOSAICO","TRICLINIUM","STANDING","PUBLIC ROOM",64.87,"PORTICUS","PASSING","PUBLIC ROOM",56.28,359,331,43,5,"T1534","L1534","G",NA,NA,"B","INSIDE","CASA DELL'ATRIO A MOSAICO","DOMUS","I AD","EARLY EMPIRE","HERCULANEUM","BOTH",1174,"T1534",42,359,4,"MARBLE","A",10,0,5,0,"NO","NO","L1534",403,43,16,"WOOD",NA,NA,NA,NA,"DOMUS",100,1
"L1HT1535","T1535",3,"SQUARED",NA,9,8,"NO TRACE",1535,"DOORWAY","NO","CASA DELL'ATRIO A MOSAICO","TRICLINIUM","STANDING","PUBLIC ROOM",64.87,"RECEPTION ROOM","STANDING","PUBLIC ROOM",19.47,107,215,48,5,"T1535","L1535","G",NA,NA,"B","INSIDE","CASA DELL'ATRIO A MOSAICO","DOMUS","I AD","EARLY EMPIRE","HERCULANEUM","BOTH",1174,"T1535",58,109,NA,"MARBLE","C",0,0,3,1,"NO","NO","L1535",132,48,14,"WOOD",NA,NA,NA,NA,"DOMUS",72,1.125
"L2HT1535","T1535",1,"SQUARED",NA,8,8,"NO TRACE",1535,"DOORWAY","NO","CASA DELL'ATRIO A MOSAICO","TRICLINIUM","STANDING","PUBLIC ROOM",64.87,"RECEPTION ROOM","STANDING","PUBLIC ROOM",19.47,107,215,48,5,"T1535","L1535","G",NA,NA,"B","INSIDE","CASA DELL'ATRIO A MOSAICO","DOMUS","I AD","EARLY EMPIRE","HERCULANEUM","BOTH",1174,"T1535",58,109,NA,"MARBLE","C",0,0,3,1,"NO","NO","L1535",132,48,14,"WOOD",NA,NA,NA,NA,"DOMUS",64,1
"R1HT1535","T1535",0.5,"SQUARED",NA,6,8,"NO TRACE",1535,"DOORWAY","NO","CASA DELL'ATRIO A MOSAICO","TRICLINIUM","STANDING","PUBLIC ROOM",64.87,"RECEPTION ROOM","STANDING","PUBLIC ROOM",19.47,107,215,48,5,"T1535","L1535","G",NA,NA,"B","INSIDE","CASA DELL'ATRIO A MOSAICO","DOMUS","I AD","EARLY EMPIRE","HERCULANEUM","BOTH",1174,"T1535",58,109,NA,"MARBLE","C",0,0,3,1,"NO","NO","L1535",132,48,14,"WOOD",NA,NA,NA,NA,"DOMUS",48,0.75
"L1HT1536","T1536",2,"SQUARED",NA,8,8,"NO TRACE",1536,"DOORWAY","NO","CASA DELL'ATRIO A MOSAICO","PORTICUS","PASSING","PUBLIC ROOM",56.28,"RECEPTION ROOM","STANDING","PUBLIC ROOM",19.47,179,225,43,5,"T1536","L1536","G",NA,NA,"B","INSIDE","CASA DELL'ATRIO A MOSAICO","DOMUS","I AD","EARLY EMPIRE","HERCULANEUM","BOTH",1174,"T1536",47,179,4,"MARBLE","C",0,0,3,0,"NO","NO","L1536",265,43,18,"WOOD",NA,NA,NA,NA,"DOMUS",64,1
"R1HT1536","T1536",2,"SQUARED",NA,8,8,"NO TRACE",1536,"DOORWAY","NO","CASA DELL'ATRIO A MOSAICO","PORTICUS","PASSING","PUBLIC ROOM",56.28,"RECEPTION ROOM","STANDING","PUBLIC ROOM",19.47,179,225,43,5,"T1536","L1536","G",NA,NA,"B","INSIDE","CASA DELL'ATRIO A MOSAICO","DOMUS","I AD","EARLY EMPIRE","HERCULANEUM","BOTH",1174,"T1536",47,179,4,"MARBLE","C",0,0,3,0,"NO","NO","L1536",265,43,18,"WOOD",NA,NA,NA,NA,"DOMUS",64,1
"R2HT1536","T1536",1,"SQUARED",NA,9,9,"NO TRACE",1536,"DOORWAY","NO","CASA DELL'ATRIO A MOSAICO","PORTICUS","PASSING","PUBLIC ROOM",56.28,"RECEPTION ROOM","STANDING","PUBLIC ROOM",19.47,179,225,43,5,"T1536","L1536","G",NA,NA,"B","INSIDE","CASA DELL'ATRIO A MOSAICO","DOMUS","I AD","EARLY EMPIRE","HERCULANEUM","BOTH",1174,"T1536",47,179,4,"MARBLE","C",0,0,3,0,"NO","NO","L1536",265,43,18,"WOOD",NA,NA,NA,NA,"DOMUS",81,1
"L1HT1537","T1537",1,"SQUARED",NA,9,9,"NO TRACE",1537,"DOORWAY","NO","CASA DELL'ATRIO A MOSAICO","RECEPTION ROOM","STANDING","PUBLIC ROOM",19.47,"CORRIDOR","PASSING","PUBLIC ROOM",7.06,100,214,47,5,"T1537","L1537","G",NA,NA,"B","INSIDE","CASA DELL'ATRIO A MOSAICO","DOMUS","I AD","EARLY EMPIRE","HERCULANEUM","BOTH",1174,"T1537",56,101,3,"MARBLE","C",0,0,2,0,"NO","NO","L1537",127,47,17,"WOOD",NA,NA,NA,NA,"DOMUS",81,1
"R1HT1537","T1537",1,"SQUARED",NA,10,9,"NO TRACE",1537,"DOORWAY","NO","CASA DELL'ATRIO A MOSAICO","RECEPTION ROOM","STANDING","PUBLIC ROOM",19.47,"CORRIDOR","PASSING","PUBLIC ROOM",7.06,100,214,47,5,"T1537","L1537","G",NA,NA,"B","INSIDE","CASA DELL'ATRIO A MOSAICO","DOMUS","I AD","EARLY EMPIRE","HERCULANEUM","BOTH",1174,"T1537",56,101,3,"MARBLE","C",0,0,2,0,"NO","NO","L1537",127,47,17,"WOOD",NA,NA,NA,NA,"DOMUS",90,1.11111111111111
"L1HT1539","T1539",1,"SQUARED",NA,10,8,"NO TRACE",1539,"DOORWAY","NO","CASA DELL'ATRIO A MOSAICO","PORTICUS","PASSING","PUBLIC ROOM",171.46,"RECEPTION ROOM","STANDING","PUBLIC ROOM",15.88,161,216,49,5,"T1539","L1539","G",NA,NA,"B","INSIDE","CASA DELL'ATRIO A MOSAICO","DOMUS","I AD","EARLY EMPIRE","HERCULANEUM","BOTH",1174,"T1539",45,190,3,"MARBLE","C",0,0,2,0,"NO","NO","L1539",242,49,18,"WOOD",NA,NA,NA,NA,"DOMUS",80,1.25
"R1HT1539","T1539",1,"SQUARED",NA,6,7,"IRON",1539,"DOORWAY","NO","CASA DELL'ATRIO A MOSAICO","PORTICUS","PASSING","PUBLIC ROOM",171.46,"RECEPTION ROOM","STANDING","PUBLIC ROOM",15.88,161,216,49,5,"T1539","L1539","G",NA,NA,"B","INSIDE","CASA DELL'ATRIO A MOSAICO","DOMUS","I AD","EARLY EMPIRE","HERCULANEUM","BOTH",1174,"T1539",45,190,3,"MARBLE","C",0,0,2,0,"NO","NO","L1539",242,49,18,"WOOD",NA,NA,NA,NA,"DOMUS",42,0.857142857142857
"L1HT1542","T1542",3,"SQUARED",NA,6,6,"NO TRACE",1542,"DOORWAY","NO","CASA DELL'ATRIO A MOSAICO","PORTICUS","PASSING","PUBLIC ROOM",56.28,"CUBICULUM","STANDING","PRIVATE ROOM",10.85,96,185,38,5,"T1542","L1542","G",NA,NA,"B","INSIDE","CASA DELL'ATRIO A MOSAICO","DOMUS","I AD","EARLY EMPIRE","HERCULANEUM","BOTH",1174,"T1542",40,96,4,"MARBLE","C",0,0,2,0,"YES","NO","L1542",205,38,15,"WOOD",NA,NA,NA,NA,"DOMUS",36,1
"R1HT1542","T1542",1,"SQUARED",NA,6,6,"NO TRACE",1542,"DOORWAY","NO","CASA DELL'ATRIO A MOSAICO","PORTICUS","PASSING","PUBLIC ROOM",56.28,"CUBICULUM","STANDING","PRIVATE ROOM",10.85,96,185,38,5,"T1542","L1542","G",NA,NA,"B","INSIDE","CASA DELL'ATRIO A MOSAICO","DOMUS","I AD","EARLY EMPIRE","HERCULANEUM","BOTH",1174,"T1542",40,96,4,"MARBLE","C",0,0,2,0,"YES","NO","L1542",205,38,15,"WOOD",NA,NA,NA,NA,"DOMUS",36,1
"L1HT1544","T1544",1,"SQUARED",NA,9,8,"NO TRACE",1544,"WINDOW","NO","CASA DELL'ATRIO A MOSAICO","STREET","PASSING","OPEN SPACES",NA,"CUBICULUM","STANDING","PRIVATE ROOM",10.85,126,149,41,5,"T1544","L1544","G",60,NA,"B","OUTSIDE","CASA DELL'ATRIO A MOSAICO","DOMUS","I AD","EARLY EMPIRE","HERCULANEUM","BOTH",1174,"T1544",35,126,4,"MARBLE","C",0,0,1,0,"NO","NO","L1544",157,41,15,"WOOD",NA,NA,NA,NA,"DOMUS",72,1.125
"R1HT1548","T1548",1,"SQUARED",NA,9,9,"NO TRACE",1548,"DOORWAY","NO","CASA DELL'ATRIO A MOSAICO","PORTICUS","PASSING","PUBLIC ROOM",56.28,"TERRACE","STANDING","OPEN SPACES",39.65,346,NA,59,3,"T1548",NA,"G",NA,NA,NA,"OUTSIDE","CASA DELL'ATRIO A MOSAICO","DOMUS","I AD","EARLY EMPIRE","HERCULANEUM","BOTH",1174,"T1548",57,NA,4,"MARBLE","C",0,0,1,0,"NO","NO",NA,NA,NA,NA,NA,NA,NA,NA,NA,"DOMUS",81,1
"L1HT1556","T1556",1.5,"SQUARED",NA,8,8,"NO TRACE",1556,"DOORWAY","NO","CASA DEL MOBILIO CARBONIZZATO","STREET","PASSING","OPEN SPACES",NA,"ENTRANCE","PASSING","PUBLIC ROOM",7.32,159,345,72,5,"T1556","L1556","G",NA,NA,"B","OUTSIDE","CASA DEL MOBILIO CARBONIZZATO","DOMUS","I BC-I AD","EARLY EMPIRE","HERCULANEUM","SURVEY",264,"T1556",57,161,7,"OTHER STONE","B",41,1,1,2,"NO","NO","L1556",228,72,15,"WOOD",NA,NA,NA,NA,"DOMUS",64,1
"R1HT1572","T1572",3,"SQUARED",NA,11,7,"NO TRACE",1572,"DOORWAY","NO","CASA DEL MOBILIO CARBONIZZATO","CORRIDOR","PASSING","PUBLIC ROOM",6.81,"SERVICE ROOM","STANDING","SERVICE ROOM",3.86,95,NA,49,5,"T1572",NA,"G",NA,NA,"A","INSIDE","CASA DEL MOBILIO CARBONIZZATO","DOMUS","I BC-I AD","EARLY EMPIRE","HERCULANEUM","SURVEY",264,"T1572",49,95,NA,"OTHER STONE","A",9,0,1,0,"NO","NO",NA,NA,NA,NA,NA,NA,NA,NA,NA,"DOMUS",77,1.57142857142857
"L1HT1575","T1575",0.5,"SQUARED",NA,7.5,7.5,"NO TRACE",1575,"DOORWAY","NO","CASA DEL MOBILIO CARBONIZZATO","TRICLINIUM","STANDING","PUBLIC ROOM",20.52,"CORRIDOR","PASSING","PUBLIC ROOM",6.81,110,197,38,5,"T1575","L1575","G",NA,NA,"B","INSIDE","CASA DEL MOBILIO CARBONIZZATO","DOMUS","I BC-I AD","EARLY EMPIRE","HERCULANEUM","SURVEY",264,"T1575",40,105,4,"MARBLE","C",0,0,2,0,"NO","NO","L1575",153,38,14,"WOOD",NA,NA,NA,NA,"DOMUS",56.25,1
"R1HT1575","T1575",0.5,"SQUARED",NA,7.5,7.5,"NO TRACE",1575,"DOORWAY","NO","CASA DEL MOBILIO CARBONIZZATO","TRICLINIUM","STANDING","PUBLIC ROOM",20.52,"CORRIDOR","PASSING","PUBLIC ROOM",6.81,110,197,38,5,"T1575","L1575","G",NA,NA,"B","INSIDE","CASA DEL MOBILIO CARBONIZZATO","DOMUS","I BC-I AD","EARLY EMPIRE","HERCULANEUM","SURVEY",264,"T1575",40,105,4,"MARBLE","C",0,0,2,0,"NO","NO","L1575",153,38,14,"WOOD",NA,NA,NA,NA,"DOMUS",56.25,1
"L1HT1593","T1593",1,"SQUARED",NA,9,7,"NO TRACE",1593,"DOORWAY","NO","CASA DEI CERVI","TRICLINIUM","STANDING","PUBLIC ROOM",38.14,"ATRIUM","STANDING","OPEN SPACES",27.6,120,224,47,5,"T1593","L1593","G",NA,NA,"B","INSIDE","CASA DEI CERVI","DOMUS","I AD","EARLY EMPIRE","HERCULANEUM","BOTH",1193,"T1593",43,120,4,"MARBLE","A",12,0,2,0,"NO","NO","L1593",157,47,12,"WOOD",NA,NA,NA,NA,"DOMUS",63,1.28571428571429
"R1HT1593","T1593",1,"SQUARED",NA,12,8,"NO TRACE",1593,"DOORWAY","NO","CASA DEI CERVI","TRICLINIUM","STANDING","PUBLIC ROOM",38.14,"ATRIUM","STANDING","OPEN SPACES",27.6,120,224,47,5,"T1593","L1593","G",NA,NA,"B","INSIDE","CASA DEI CERVI","DOMUS","I AD","EARLY EMPIRE","HERCULANEUM","BOTH",1193,"T1593",43,120,4,"MARBLE","A",12,0,2,0,"NO","NO","L1593",157,47,12,"WOOD",NA,NA,NA,NA,"DOMUS",96,1.5
"L1HT1595","T1595",2,"SQUARED",NA,7,7,"NO TRACE",1595,"DOORWAY","NO","CASA DEI CERVI","TRICLINIUM","STANDING","PUBLIC ROOM",38.14,"ANTICHAMBER","STANDING","PUBLIC ROOM",10.3,122,209,49,5,"T1595","L1595","G",NA,NA,"B","INSIDE","CASA DEI CERVI","DOMUS","I AD","EARLY EMPIRE","HERCULANEUM","BOTH",1193,"T1595",49,129,NA,"OTHER STONE","A",11,0,2,0,"NO","NO","L1595",161,49,13,"WOOD",NA,NA,NA,NA,"DOMUS",49,1
"R1HT1595","T1595",2,"SQUARED",NA,7,7,"NO TRACE",1595,"DOORWAY","NO","CASA DEI CERVI","TRICLINIUM","STANDING","PUBLIC ROOM",38.14,"ANTICHAMBER","STANDING","PUBLIC ROOM",10.3,122,209,49,5,"T1595","L1595","G",NA,NA,"B","INSIDE","CASA DEI CERVI","DOMUS","I AD","EARLY EMPIRE","HERCULANEUM","BOTH",1193,"T1595",49,129,NA,"OTHER STONE","A",11,0,2,0,"NO","NO","L1595",161,49,13,"WOOD",NA,NA,NA,NA,"DOMUS",49,1
"L1HT1598","T1598",1.5,"SQUARED",NA,8,8,"NO TRACE",1598,"DOORWAY","NO","CASA DEI CERVI","RECEPTION ROOM","STANDING","PUBLIC ROOM",17.77,"ANTICHAMBER","STANDING","PUBLIC ROOM",10.3,125,NA,45,5,"T1598",NA,"G",NA,NA,"A","INSIDE","CASA DEI CERVI","DOMUS","I AD","EARLY EMPIRE","HERCULANEUM","BOTH",1193,"T1598",47,125,NA,"OTHER STONE","C",0,0,3,0,"NO","NO",NA,NA,NA,NA,NA,NA,NA,NA,NA,"DOMUS",64,1
"L2HT1598","T1598",1.5,"SQUARED",NA,8,8,"NO TRACE",1598,"DOORWAY","NO","CASA DEI CERVI","RECEPTION ROOM","STANDING","PUBLIC ROOM",17.77,"ANTICHAMBER","STANDING","PUBLIC ROOM",10.3,125,NA,45,5,"T1598",NA,"G",NA,NA,"A","INSIDE","CASA DEI CERVI","DOMUS","I AD","EARLY EMPIRE","HERCULANEUM","BOTH",1193,"T1598",47,125,NA,"OTHER STONE","C",0,0,3,0,"NO","NO",NA,NA,NA,NA,NA,NA,NA,NA,NA,"DOMUS",64,1
"L3HT1598","T1598",1.5,"SQUARED",NA,10,9,"NO TRACE",1598,"DOORWAY","NO","CASA DEI CERVI","RECEPTION ROOM","STANDING","PUBLIC ROOM",17.77,"ANTICHAMBER","STANDING","PUBLIC ROOM",10.3,125,NA,45,5,"T1598",NA,"G",NA,NA,"A","INSIDE","CASA DEI CERVI","DOMUS","I AD","EARLY EMPIRE","HERCULANEUM","BOTH",1193,"T1598",47,125,NA,"OTHER STONE","C",0,0,3,0,"NO","NO",NA,NA,NA,NA,NA,NA,NA,NA,NA,"DOMUS",90,1.11111111111111
"L1HT1610","T1610",3,"SQUARED",NA,8,8,"NO TRACE",1610,"DOORWAY","NO","CASA DEI CERVI","CUBICULUM","STANDING","PRIVATE ROOM",11.45,"ANTICHAMBER","STANDING","PUBLIC ROOM",6.54,93,NA,43,5,"T1610","L1610","G",NA,NA,"B","INSIDE","CASA DEI CERVI","DOMUS","I AD","EARLY EMPIRE","HERCULANEUM","BOTH",1193,"T1610",48,93,NA,"OTHER STONE","C",0,0,2,0,"NO","NO","L1610",NA,43,NA,"WOOD",NA,NA,NA,NA,"DOMUS",64,1
"R1HT1610","T1610",3,"SQUARED",NA,8,8,"NO TRACE",1610,"DOORWAY","NO","CASA DEI CERVI","CUBICULUM","STANDING","PRIVATE ROOM",11.45,"ANTICHAMBER","STANDING","PUBLIC ROOM",6.54,93,NA,43,5,"T1610","L1610","G",NA,NA,"B","INSIDE","CASA DEI CERVI","DOMUS","I AD","EARLY EMPIRE","HERCULANEUM","BOTH",1193,"T1610",48,93,NA,"OTHER STONE","C",0,0,2,0,"NO","NO","L1610",NA,43,NA,"WOOD",NA,NA,NA,NA,"DOMUS",64,1
"L1HT1624","T1624",1,"SQUARED",NA,7,9,"NO TRACE",1624,"WINDOW","NO","CASA DEI CERVI","CORRIDOR","PASSING","PUBLIC ROOM",260,"COURT","STANDING","OPEN SPACES",228.93,116,NA,40,5,"T1624","L1624","G",NA,NA,"B","INSIDE","CASA DEI CERVI","DOMUS","I AD","EARLY EMPIRE","HERCULANEUM","BOTH",1193,"T1624",41,116,4,"MARBLE","C",0,0,2,0,"NO","NO","L1624",NA,40,NA,"WOOD",NA,NA,NA,NA,"DOMUS",63,0.777777777777778
"R1HT1624","T1624",1,"SQUARED",NA,7,7,"NO TRACE",1624,"WINDOW","NO","CASA DEI CERVI","CORRIDOR","PASSING","PUBLIC ROOM",260,"COURT","STANDING","OPEN SPACES",228.93,116,NA,40,5,"T1624","L1624","G",NA,NA,"B","INSIDE","CASA DEI CERVI","DOMUS","I AD","EARLY EMPIRE","HERCULANEUM","BOTH",1193,"T1624",41,116,4,"MARBLE","C",0,0,2,0,"NO","NO","L1624",NA,40,NA,"WOOD",NA,NA,NA,NA,"DOMUS",49,1
"L1HT1630","T1630",0.5,"SQUARED",NA,8,6,"NO TRACE",1630,"DOORWAY","NO","CASA DEI CERVI","CORRIDOR","PASSING","PUBLIC ROOM",260,"CUBICULUM","STANDING","PRIVATE ROOM",3.85,117,NA,38,3,"T1630",NA,"G",NA,NA,NA,"INSIDE","CASA DEI CERVI","DOMUS","I AD","EARLY EMPIRE","HERCULANEUM","BOTH",1193,"T1630",46,154,4,"MARBLE","C",0,3,2,0,"NO","NO",NA,NA,NA,NA,NA,NA,NA,NA,NA,"DOMUS",48,1.33333333333333
"R1HT1630","T1630",0.5,"SQUARED",NA,6,8,"NO TRACE",1630,"DOORWAY","NO","CASA DEI CERVI","CORRIDOR","PASSING","PUBLIC ROOM",260,"CUBICULUM","STANDING","PRIVATE ROOM",3.85,117,NA,38,3,"T1630",NA,"G",NA,NA,NA,"INSIDE","CASA DEI CERVI","DOMUS","I AD","EARLY EMPIRE","HERCULANEUM","BOTH",1193,"T1630",46,154,4,"MARBLE","C",0,3,2,0,"NO","NO",NA,NA,NA,NA,NA,NA,NA,NA,NA,"DOMUS",48,0.75
"R1HT1641","T1641",1,"SQUARED",NA,8,8,"NO TRACE",1641,"DOORWAY","NO","CASA DEI CERVI","CORRIDOR","PASSING","PUBLIC ROOM",260,"GARDEN","STANDING","OPEN SPACES",21.61,320,NA,43,3,"T1641",NA,"G",NA,NA,NA,"INSIDE","CASA DEI CERVI","DOMUS","I AD","EARLY EMPIRE","HERCULANEUM","BOTH",1193,"T1641",37,320,4,"MARBLE","C",0,0,1,0,"NO","NO",NA,NA,NA,NA,NA,NA,NA,NA,NA,"DOMUS",64,1
"L1HT1645","T1645",1,"SQUARED",NA,7,8,"NO TRACE",1645,"WINDOW","NO","CASA DEI CERVI","GARDEN","STANDING","OPEN SPACES",21.61,"CUBICULUM","STANDING","PRIVATE ROOM",9.15,105,NA,38,5,"T1645","L1645","G",NA,NA,"B","INSIDE","CASA DEI CERVI","DOMUS","I AD","EARLY EMPIRE","HERCULANEUM","BOTH",1193,"T1645",33,105,4,"MARBLE","C",0,0,2,1,"NO","NO","L1645",NA,38,NA,"WOOD",NA,NA,NA,NA,"DOMUS",56,0.875
"R1HT1645","T1645",1,"SQUARED",NA,7,8,"NO TRACE",1645,"WINDOW","NO","CASA DEI CERVI","GARDEN","STANDING","OPEN SPACES",21.61,"CUBICULUM","STANDING","PRIVATE ROOM",9.15,105,NA,38,5,"T1645","L1645","G",NA,NA,"B","INSIDE","CASA DEI CERVI","DOMUS","I AD","EARLY EMPIRE","HERCULANEUM","BOTH",1193,"T1645",33,105,4,"MARBLE","C",0,0,2,1,"NO","NO","L1645",NA,38,NA,"WOOD",NA,NA,NA,NA,"DOMUS",56,0.875
"L1HT1651","T1651",0.5,"SQUARED",NA,7,7,"NO TRACE",1651,"WINDOW","NO","CASA DEI CERVI","CORRIDOR","PASSING","PUBLIC ROOM",260,"RECEPTION ROOM","STANDING","PUBLIC ROOM",25.55,80,NA,45,5,"T1651","L1651","G",NA,NA,"B","INSIDE","CASA DEI CERVI","DOMUS","I AD","EARLY EMPIRE","HERCULANEUM","BOTH",1193,"T1651",45,80,3,"MARBLE","C",0,0,1,0,"NO","NO","L1651",NA,45,NA,"WOOD",NA,NA,NA,NA,"DOMUS",49,1
"L1HT1656","T1656",0.5,"SQUARED",NA,8,8,"NO TRACE",1656,"DOORWAY","NO","CASA DEI CERVI","COURT","STANDING","OPEN SPACES",228.93,"TRICLINIUM","STANDING","PUBLIC ROOM",74.45,88,NA,39,3,"T1656",NA,"G",NA,NA,NA,"INSIDE","CASA DEI CERVI","DOMUS","I AD","EARLY EMPIRE","HERCULANEUM","BOTH",1193,"T1656",51,100,3,"MARBLE","C",0,0,2,0,"NO","NO",NA,NA,NA,NA,NA,NA,NA,NA,NA,"DOMUS",64,1
"R2HT1656","T1656",0.5,"SQUARED",NA,8,8,"NO TRACE",1656,"DOORWAY","NO","CASA DEI CERVI","COURT","STANDING","OPEN SPACES",228.93,"TRICLINIUM","STANDING","PUBLIC ROOM",74.45,88,NA,39,3,"T1656",NA,"G",NA,NA,NA,"INSIDE","CASA DEI CERVI","DOMUS","I AD","EARLY EMPIRE","HERCULANEUM","BOTH",1193,"T1656",51,100,3,"MARBLE","C",0,0,2,0,"NO","NO",NA,NA,NA,NA,NA,NA,NA,NA,NA,"DOMUS",64,1
"L1HT1657","T1657",0.5,"SQUARED",NA,10,10,"NO TRACE",1657,"DOORWAY","NO","CASA DEI CERVI","COURT","STANDING","OPEN SPACES",228.93,"TRICLINIUM","STANDING","PUBLIC ROOM",74.45,290,NA,40,3,"T1657",NA,"G",NA,NA,NA,"INSIDE","CASA DEI CERVI","DOMUS","I AD","EARLY EMPIRE","HERCULANEUM","BOTH",1193,"T1657",64,296,3,"MARBLE","C",0,0,2,0,"NO","NO",NA,NA,NA,NA,NA,NA,NA,NA,NA,"DOMUS",100,1
"R2HT1657","T1657",0.5,"SQUARED",NA,10,10,"NO TRACE",1657,"DOORWAY","NO","CASA DEI CERVI","COURT","STANDING","OPEN SPACES",228.93,"TRICLINIUM","STANDING","PUBLIC ROOM",74.45,290,NA,40,3,"T1657",NA,"G",NA,NA,NA,"INSIDE","CASA DEI CERVI","DOMUS","I AD","EARLY EMPIRE","HERCULANEUM","BOTH",1193,"T1657",64,296,3,"MARBLE","C",0,0,2,0,"NO","NO",NA,NA,NA,NA,NA,NA,NA,NA,NA,"DOMUS",100,1
"L1HT1658","T1658",0.5,"SQUARED",NA,8,8,"NO TRACE",1658,"DOORWAY","NO","CASA DEI CERVI","COURT","STANDING","OPEN SPACES",228.93,"TRICLINIUM","STANDING","PUBLIC ROOM",74.45,84,NA,40,3,"T1658",NA,"G",NA,NA,NA,"INSIDE","CASA DEI CERVI","DOMUS","I AD","EARLY EMPIRE","HERCULANEUM","BOTH",1193,"T1658",40,106,3,"MARBLE","C",0,0,2,0,"NO","NO",NA,NA,NA,NA,NA,NA,NA,NA,NA,"DOMUS",64,1
"R2HT1658","T1658",0.5,"SQUARED",NA,8,8,"NO TRACE",1658,"DOORWAY","NO","CASA DEI CERVI","COURT","STANDING","OPEN SPACES",228.93,"TRICLINIUM","STANDING","PUBLIC ROOM",74.45,84,NA,40,3,"T1658",NA,"G",NA,NA,NA,"INSIDE","CASA DEI CERVI","DOMUS","I AD","EARLY EMPIRE","HERCULANEUM","BOTH",1193,"T1658",40,106,3,"MARBLE","C",0,0,2,0,"NO","NO",NA,NA,NA,NA,NA,NA,NA,NA,NA,"DOMUS",64,1
"R1HT1674","T1674",0.5,"SQUARED",NA,7,7,"NO TRACE",1674,"DOORWAY","NO","CASA DEL BEL CORTILE","COURT","STANDING","OPEN SPACES",13.56,"ANTICHAMBER","STANDING","PUBLIC ROOM",2.01,116,203,30,5,"T1674","L1674","G",NA,NA,"B","INSIDE","CASA DEL BEL CORTILE","DOMUS","I AD","EARLY EMPIRE","HERCULANEUM","SURVEY",228,"T1674",31,130,4,"MARBLE","C",0,0,1,0,"NO","NO","L1674",NA,NA,NA,"WOOD",NA,NA,NA,NA,"DOMUS",49,1
"R1HT1702","T1702",0.5,"SQUARED",NA,7,7,"IRON",1702,"DOORWAY","NO","CASA DEL COLONNATO TUSCANICO","ATRIUM","STANDING","OPEN SPACES",70.46,"OECUS","STANDING","PUBLIC ROOM",20.27,243,236,49,5,"T1702",NA,"G",NA,"YES","B","INSIDE","CASA DEL COLONNATO TUSCANICO","DOMUS","I BC-I AD","EARLY EMPIRE","HERCULANEUM","SURVEY",504,"T1702",65,260,NA,"MARBLE AND MOSAIC","C",0,0,3,0,"NO","NO",NA,NA,NA,NA,NA,NA,NA,NA,NA,"DOMUS",49,1
"L1HT1714","T1714",1,"SQUARED",NA,7,7,"NO TRACE",1714,"DOORWAY","NO","CASA DEL COLONNATO TUSCANICO","PERISTYLE","PASSING","OPEN SPACES",140.85,"TRICLINIUM","STANDING","PUBLIC ROOM",18.01,283,262,48,5,"T1714","L1714","G",NA,"YES","B","INSIDE","CASA DEL COLONNATO TUSCANICO","DOMUS","I BC-I AD","EARLY EMPIRE","HERCULANEUM","SURVEY",504,"T1714",54,307,7,"MARBLE","C",0,0,4,0,"NO","NO","L1714",391,46,25,"WOOD",NA,NA,NA,NA,"DOMUS",49,1
"R1HT1714","T1714",1,"SQUARED",NA,7,7,"NO TRACE",1714,"DOORWAY","NO","CASA DEL COLONNATO TUSCANICO","PERISTYLE","PASSING","OPEN SPACES",140.85,"TRICLINIUM","STANDING","PUBLIC ROOM",18.01,283,262,48,5,"T1714","L1714","G",NA,"YES","B","INSIDE","CASA DEL COLONNATO TUSCANICO","DOMUS","I BC-I AD","EARLY EMPIRE","HERCULANEUM","SURVEY",504,"T1714",54,307,7,"MARBLE","C",0,0,4,0,"NO","NO","L1714",391,46,25,"WOOD",NA,NA,NA,NA,"DOMUS",49,1
"L1HT1716","T1716",1,"SQUARED",NA,8,8,"IRON",1716,"DOORWAY","NO","CASA DEL COLONNATO TUSCANICO","PERISTYLE","PASSING","OPEN SPACES",140.85,"CUBICULUM","STANDING","PRIVATE ROOM",8.21,190,229,31,5,"T1716","L1716","G",NA,NA,"B","INSIDE","CASA DEL COLONNATO TUSCANICO","DOMUS","I BC-I AD","EARLY EMPIRE","HERCULANEUM","SURVEY",504,"T1716",49,204,3,"MARBLE AND MOSAIC","C",0,0,2,0,"NO","NO","L1716",298,31,23,"WOOD",NA,NA,NA,NA,"DOMUS",64,1
"R1HT1716","T1716",1,"SQUARED",NA,8,8,"IRON",1716,"DOORWAY","NO","CASA DEL COLONNATO TUSCANICO","PERISTYLE","PASSING","OPEN SPACES",140.85,"CUBICULUM","STANDING","PRIVATE ROOM",8.21,190,229,31,5,"T1716","L1716","G",NA,NA,"B","INSIDE","CASA DEL COLONNATO TUSCANICO","DOMUS","I BC-I AD","EARLY EMPIRE","HERCULANEUM","SURVEY",504,"T1716",49,204,3,"MARBLE AND MOSAIC","C",0,0,2,0,"NO","NO","L1716",298,31,23,"WOOD",NA,NA,NA,NA,"DOMUS",64,1
"L1HT1746","T1746",1,"SQUARED",NA,5,5,"NO TRACE",1746,"DOORWAY","NO","CASA DELLO SCHELETRO","STREET","PASSING","OPEN SPACES",NA,"ENTRANCE","PASSING","PUBLIC ROOM",7.15,156,266,49,5,"T1746","L1746","G",NA,NA,"B","OUTSIDE","CASA DELLO SCHELETRO","DOMUS","I AD","EARLY EMPIRE","HERCULANEUM","SURVEY",444,"T1746",52,159,14,"LIMESTONE","A",19,0,1,7,"NO","NO","L1746",207,49,12,"WOOD",NA,NA,NA,NA,"DOMUS",25,1
"L1HT1751","T1751",1,"SQUARED",NA,7.5,7.5,"NO TRACE",1751,"DOORWAY","NO","CASA DELLO SCHELETRO","ATRIUM","STANDING","OPEN SPACES",54.04,"STORAGE CLOSET","STANDING","SERVICE ROOM",2.1,106,156,45,5,"T1751","L1751","G",45,NA,"B","INSIDE","CASA DELLO SCHELETRO","DOMUS","I AD","EARLY EMPIRE","HERCULANEUM","SURVEY",444,"T1751",47,126,4,"MARBLE","C",0,0,2,0,"NO","NO","L1751",134,45,14,"WOOD",NA,NA,NA,NA,"DOMUS",56.25,1
"R1HT1751","T1751",1,"SQUARED",NA,7.5,7.5,"NO TRACE",1751,"DOORWAY","NO","CASA DELLO SCHELETRO","ATRIUM","STANDING","OPEN SPACES",54.04,"STORAGE CLOSET","STANDING","SERVICE ROOM",2.1,106,156,45,5,"T1751","L1751","G",45,NA,"B","INSIDE","CASA DELLO SCHELETRO","DOMUS","I AD","EARLY EMPIRE","HERCULANEUM","SURVEY",444,"T1751",47,126,4,"MARBLE","C",0,0,2,0,"NO","NO","L1751",134,45,14,"WOOD",NA,NA,NA,NA,"DOMUS",56.25,1
"L1HT1754","T1754",1,"SQUARED",NA,10,8,"NO TRACE",1754,"DOORWAY","NO","CASA DELLO SCHELETRO","TRICLINIUM","STANDING","PUBLIC ROOM",32.86,"ANTICHAMBER","STANDING","PUBLIC ROOM",11.19,228,271,43,5,"T1754",NA,"G",NA,NA,"B","INSIDE","CASA DELLO SCHELETRO","DOMUS","I AD","EARLY EMPIRE","HERCULANEUM","SURVEY",444,"T1754",54,235,4,"MARBLE","A",13,0,5,0,"NO","NO",NA,NA,NA,NA,NA,NA,NA,NA,NA,"DOMUS",80,1.25
"L3HT1754","T1754",1,"SQUARED",NA,10,10,"NO TRACE",1754,"DOORWAY","NO","CASA DELLO SCHELETRO","TRICLINIUM","STANDING","PUBLIC ROOM",32.86,"ANTICHAMBER","STANDING","PUBLIC ROOM",11.19,228,271,43,5,"T1754",NA,"G",NA,NA,"B","INSIDE","CASA DELLO SCHELETRO","DOMUS","I AD","EARLY EMPIRE","HERCULANEUM","SURVEY",444,"T1754",54,235,4,"MARBLE","A",13,0,5,0,"NO","NO",NA,NA,NA,NA,NA,NA,NA,NA,NA,"DOMUS",100,1
"R1HT1754","T1754",1,"SQUARED",NA,10,8,"NO TRACE",1754,"DOORWAY","NO","CASA DELLO SCHELETRO","TRICLINIUM","STANDING","PUBLIC ROOM",32.86,"ANTICHAMBER","STANDING","PUBLIC ROOM",11.19,228,271,43,5,"T1754",NA,"G",NA,NA,"B","INSIDE","CASA DELLO SCHELETRO","DOMUS","I AD","EARLY EMPIRE","HERCULANEUM","SURVEY",444,"T1754",54,235,4,"MARBLE","A",13,0,5,0,"NO","NO",NA,NA,NA,NA,NA,NA,NA,NA,NA,"DOMUS",80,1.25
"L1HT1780","T1780",1,"SQUARED",NA,5,5,"NO TRACE",1780,"DOORWAY","NO","CASA DELLO SCHELETRO","CUBICULUM","STANDING","PRIVATE ROOM",10.75,"ANTICHAMBER","STANDING","PUBLIC ROOM",7.78,104,181,36,5,"T1780","L1780","G",NA,NA,"B","INSIDE","CASA DELLO SCHELETRO","DOMUS","I AD","EARLY EMPIRE","HERCULANEUM","SURVEY",444,"T1780",41,101,NA,"MARBLE AND MOSAIC","C",0,0,2,0,"NO","NO","L1780",130,36,13,"WOOD",NA,NA,NA,NA,"DOMUS",25,1
"R1HT1780","T1780",1,"SQUARED",NA,8,6,"NO TRACE",1780,"DOORWAY","NO","CASA DELLO SCHELETRO","CUBICULUM","STANDING","PRIVATE ROOM",10.75,"ANTICHAMBER","STANDING","PUBLIC ROOM",7.78,104,181,36,5,"T1780","L1780","G",NA,NA,"B","INSIDE","CASA DELLO SCHELETRO","DOMUS","I AD","EARLY EMPIRE","HERCULANEUM","SURVEY",444,"T1780",41,101,NA,"MARBLE AND MOSAIC","C",0,0,2,0,"NO","NO","L1780",130,36,13,"WOOD",NA,NA,NA,NA,"DOMUS",48,1.33333333333333
"L1HT1789","T1789",2,"SQUARED",NA,9,7.5,"NO TRACE",1789,"DOORWAY","NO","HOUSE 1","PERISTYLE","PASSING","OPEN SPACES",83.8,"RECEPTION ROOM","STANDING","PUBLIC ROOM",34.75,241,NA,46,3,"T1789",NA,"G",NA,NA,NA,"INSIDE","HOUSE 1","DOMUS","II-III AD","MIDDLE EMPIRE","AECLANUM","SURVEY",544,"T1789",65,217,NA,"OTHER STONE","C",0,0,2,0,"NO","NO",NA,NA,NA,NA,NA,NA,NA,NA,NA,"DOMUS",67.5,1.2
"R1HT1789","T1789",2,"SQUARED",NA,9,9,"NO TRACE",1789,"DOORWAY","NO","HOUSE 1","PERISTYLE","PASSING","OPEN SPACES",83.8,"RECEPTION ROOM","STANDING","PUBLIC ROOM",34.75,241,NA,46,3,"T1789",NA,"G",NA,NA,NA,"INSIDE","HOUSE 1","DOMUS","II-III AD","MIDDLE EMPIRE","AECLANUM","SURVEY",544,"T1789",65,217,NA,"OTHER STONE","C",0,0,2,0,"NO","NO",NA,NA,NA,NA,NA,NA,NA,NA,NA,"DOMUS",81,1
"L1HT1790","T1790",1,"SQUARED",NA,9,9,"NO TRACE",1790,"DOORWAY","NO","HOUSE 1","PERISTYLE","PASSING","OPEN SPACES",83.8,"UNKNOWN ROOM","STANDING","UNKNOWN ROOM",23.12,135,NA,45,3,"T1790",NA,"G",NA,NA,NA,"INSIDE","HOUSE 1","DOMUS","II-III AD","MIDDLE EMPIRE","AECLANUM","SURVEY",544,"T1790",50,158,NA,"OTHER STONE","C",0,0,3,0,"NO","NO",NA,NA,NA,NA,NA,NA,NA,NA,NA,"DOMUS",81,1
"R1HT1790","T1790",1,"SQUARED",NA,9,10,"NO TRACE",1790,"DOORWAY","NO","HOUSE 1","PERISTYLE","PASSING","OPEN SPACES",83.8,"UNKNOWN ROOM","STANDING","UNKNOWN ROOM",23.12,135,NA,45,3,"T1790",NA,"G",NA,NA,NA,"INSIDE","HOUSE 1","DOMUS","II-III AD","MIDDLE EMPIRE","AECLANUM","SURVEY",544,"T1790",50,158,NA,"OTHER STONE","C",0,0,3,0,"NO","NO",NA,NA,NA,NA,NA,NA,NA,NA,NA,"DOMUS",90,0.9
"R2HT1790","T1790",1.5,"SQUARED",NA,9,9.5,"NO TRACE",1790,"DOORWAY","NO","HOUSE 1","PERISTYLE","PASSING","OPEN SPACES",83.8,"UNKNOWN ROOM","STANDING","UNKNOWN ROOM",23.12,135,NA,45,3,"T1790",NA,"G",NA,NA,NA,"INSIDE","HOUSE 1","DOMUS","II-III AD","MIDDLE EMPIRE","AECLANUM","SURVEY",544,"T1790",50,158,NA,"OTHER STONE","C",0,0,3,0,"NO","NO",NA,NA,NA,NA,NA,NA,NA,NA,NA,"DOMUS",85.5,0.947368421052632
